tree
version=v4
num_class=1
num_tree_per_iteration=1
label_index=0
max_feature_idx=6
objective=regression
feature_names=Column_0 Column_1 Column_2 Column_3 Column_4 Column_5 Column_6
feature_infos=[0.00093841856687504333:101474.86768454306] [0:6424.9527926140063] [0:2938.2151366900148] [0:17182.217195275491] [0:1] [0:1] none
tree_sizes=2901 3016 3030 3012 3039 3037 3036 3044 3041 3068 3068 3069 3087 3077 3089 3076 3082 3089 3075 3094 3098 3086 3088 3091 3093 3097 3105 3084 3128 3110 3107 3120 3086 3104 3092 3109 3117 3097 3121 3122 3113 3140 3132 3110 3119 3140 3127 3120 3096 3147 3130 3093 3125 3142 3127 2925 3107 3099 3092 3078 3093 3130 3119 3087 2982 2909 3014 3070 3085 3076 2530 2775 2671 2940 3180 2775 2861 2913 3059 2868 3182 2159 2881 3186 2585 2531 3065 3205 3045 2664 3186 2708 3156 3191 2710 3192 2228 2733 3162 3066

Tree=0
num_leaves=31
num_cat=0
split_feature=5 0 0 4 0 4 1 0 0 4 1 1 4 4 1 0 0 1 1 0 1 1 1 0 4 1 1 0 0 1
split_gain=493606 71240.1 61820.4 7054.08 5311.22 4899.54 4179.81 3994.78 3060.13 1490.06 1275.86 1256.3 1195.3 1129.67 809.764 776.941 708.276 643.259 616.991 598.488 476.015 243.967 219.877 215.521 412.302 193.832 144.041 140.402 129.705 121.82
threshold=1.0000000180025095e-35 343.36845950471792 226.2026057194868 1.0000000180025095e-35 164.88786072679912 1.0000000180025095e-35 35.538194315256142 109.78014682377959 330.88902516813386 1.0000000180025095e-35 27.024442340539231 26.225247644025735 1.0000000180025095e-35 1.0000000180025095e-35 33.453237016482653 441.87024797080215 109.78014682377959 24.200582900312643 25.000535695663014 455.77431029686039 21.115263059788518 23.402695378714558 25.411803539007593 408.82488804754718 1.0000000180025095e-35 29.015675144927656 26.620312649764532 455.77431029686039 455.77431029686039 28.602898206122244
decision_type=2 2 2 2 2 2 2 2 2 2 2 2 2 2 2 2 2 2 2 2 2 2 2 2 2 2 2 2 2 2
left_child=2 4 5 6 12 7 15 10 9 20 -1 -9 18 17 27 -3 22 -6 -2 -8 -4 -18 -7 24 -10 -11 -15 -5 -16 -14
right_child=1 3 8 14 13 16 19 11 23 25 -12 -13 29 26 28 -17 21 -19 -20 -21 -22 -23 -24 -25 -26 -27 -28 -29 -30 -31
leaf_value=1.5765057603053496 1.7693903384823186 1.6692783891692493 1.5121691909151402 1.7178573033939188 1.7178642739715342 1.6265922885085335 1.6377140647469108 1.5425960490432231 1.4878213823684812 1.5573576818716017 1.5461876811771316 1.5137494205151654 1.8178661951166686 1.7665987352306998 1.6882315782241291 1.6358489732844836 1.594030792934374 1.6879116284003526 1.7394381757980519 1.605290055998942 1.4929249045578441 1.5646807224365389 1.5978382306156518 1.4845231860341341 1.5160268448071286 1.5276344270036304 1.7339233662076978 1.6864797275715191 1.6555959853574065 1.7861482160304067
leaf_weight=44942 19763 8655 24068 1857 15585 7673 5966 41593 34589 5553 20083 23700 4091 3298 1283 35340 6815 13279 10548 124294 27585 4846 4070 591693 6096 3627 2283 6145 23960 1720
leaf_count=44942 19763 8655 24068 1857 15585 7673 5966 41593 34589 5553 20083 23700 4091 3298 1283 35340 6815 13279 10548 124294 27585 4846 4070 591693 6096 3627 2283 6145 23960 1720
internal_value=1.53775 1.65335 1.49979 1.62383 1.74014 1.55716 1.61578 1.5496 1.48707 1.50849 1.56714 1.53213 1.76693 1.71205 1.66604 1.64243 1.59929 1.70408 1.75897 1.60678 1.50189 1.58183 1.61663 1.48501 1.49205 1.54561 1.75323 1.69376 1.65725 1.80848
internal_weight=1.125e+06 278067 846933 207500 70567 153722 174255 130318 693211 60833 65025 65293 36122 34445 33245 43995 23404 28864 30311 130260 51653 11661 11743 632378 40685 9180 5581 8002 25243 5811
internal_count=1125000 278067 846933 207500 70567 153722 174255 130318 693211 60833 65025 65293 36122 34445 33245 43995 23404 28864 30311 130260 51653 11661 11743 632378 40685 9180 5581 8002 25243 5811
is_linear=0
shrinkage=1


Tree=1
num_leaves=31
num_cat=0
split_feature=5 0 0 4 0 4 1 0 0 4 1 4 4 1 0 1 0 0 1 0 1 0 4 1 1 0 1 0 0 1
split_gain=399821 57757.9 50156.3 5780.67 3896.91 3719.83 3666.86 3338.67 2640.14 1352.54 1104.57 934.954 888.934 856.284 708.078 707.796 681.745 576.215 485.988 473.932 448.79 247.915 402.097 208.99 174.022 151.13 140.103 120.629 119.388 90.226
threshold=1.0000000180025095e-35 330.88902516813386 210.64890777113575 1.0000000180025095e-35 149.91895994542452 1.0000000180025095e-35 32.205708788802163 318.54227862122303 90.078109678082285 1.0000000180025095e-35 22.26436678502127 1.0000000180025095e-35 1.0000000180025095e-35 21.510174044948091 455.77431029686039 35.142033136153387 435.24578305054064 237.45570662658858 23.402695378714558 90.078109678082285 20.743342694959928 395.25623469657438 1.0000000180025095e-35 23.402695378714558 24.200582900312643 435.24578305054064 24.200582900312643 237.45570662658858 435.24578305054064 31.807094445875205
decision_type=2 2 2 2 2 2 2 2 2 2 2 2 2 2 2 2 2 2 2 2 2 2 2 2 2 2 2 2 2 2
left_child=2 4 5 6 12 8 16 9 13 18 -10 17 20 -1 -8 25 -3 -6 -4 26 -2 22 -9 -21 -11 -5 -7 -13 -17 -14
right_child=1 3 7 15 11 19 14 21 10 24 -12 27 29 -15 -16 28 -18 -19 -20 23 -22 -23 -24 -25 -26 -27 -28 -29 -30 -31
leaf_value=0.039612841688748512 0.21216763009615361 0.12235294764631251 -0.020415708405975549 0.16578847034265962 0.16740036457001439 0.083127591152744998 0.092675708516851196 -0.043972072105090798 0.010611611415398743 0.023760235000309878 -0.015123182015174964 0.21256128978322131 0.25368546153536109 0.013708962545830134 0.061169152297820106 0.13943501454832308 0.090527461194973846 0.13948191039442934 -0.039356770700572551 0.055351853072991258 0.1863682185402388 -0.047861778067610272 -0.016118280079065714 0.028811783567786499 -0.003172936096544779 0.13369237218447297 0.058037635380703903 0.18352033092466358 0.10595480393600809 0.22370669118533792
leaf_weight=32517 16156 8544 28224 1868 14986 6187 7553 34468 39700 5124 28761 2811 3959 21004 128311 1115 31718 14590 26048 7253 11572 598539 6100 5021 4511 6835 3476 2912 23792 1345
leaf_count=32517 16156 8544 28224 1868 14986 6187 7553 34468 39700 5124 28761 2811 3959 21004 128311 1115 31718 14590 26048 7253 11572 598539 6100 5021 4511 6835 3476 2912 23792 1345
internal_value=3.49057e-10 0.104041 -0.0341591 0.0780277 0.183888 0.0196259 0.0707754 -0.0451698 0.0128081 -0.0233768 -0.000199776 0.160787 0.208575 0.029447 0.0629207 0.116032 0.0972811 0.153628 -0.0295065 0.0575366 0.201401 -0.047349 -0.0397838 0.0444949 0.0111504 0.140581 0.0741022 0.197785 0.107454 0.246083
internal_weight=1.125e+06 278067 846933 209736 68331 143919 176126 703014 121982 63907 68461 35299 33032 53521 135864 33610 40262 29576 54272 21937 27728 639107 40568 12274 9635 8703 9663 5723 24907 5304
internal_count=1125000 278067 846933 209736 68331 143919 176126 703014 121982 63907 68461 35299 33032 53521 135864 33610 40262 29576 54272 21937 27728 639107 40568 12274 9635 8703 9663 5723 24907 5304
is_linear=0
shrinkage=0.1


Tree=2
num_leaves=31
num_cat=0
split_feature=5 0 0 4 0 0 1 4 0 4 1 4 4 1 4 0 1 1 0 0 1 1 1 1 4 1 0 1 0 0
split_gain=323855 46858.2 40701.5 4576 3916.33 3746.02 2561.39 1887.96 1542.9 1443.57 1039.91 942.764 871.172 746.179 719.232 598.236 497.881 480.412 441.464 303.05 287.111 181.816 149.651 148.841 130.253 334.926 118.631 108.636 74.0018 67.4235
threshold=1.0000000180025095e-35 356.19800766258339 237.45570662658858 1.0000000180025095e-35 184.70044108233398 129.68042755244841 29.015675144927656 1.0000000180025095e-35 349.87966349223046 1.0000000180025095e-35 30.61838812555165 1.0000000180025095e-35 1.0000000180025095e-35 27.024442340539231 1.0000000180025095e-35 90.078109678082285 32.205708788802163 29.814448808391393 470.45223873665543 455.77431029686039 16.711477229709001 32.635641041909629 30.61838812555165 29.015675144927656 1.0000000180025095e-35 25.411803539007593 90.078109678082285 28.602898206122244 470.45223873665543 477.39687087239992
decision_type=2 2 2 2 2 2 2 2 2 2 2 2 2 2 2 2 2 2 2 2 2 2 2 2 2 2 2 2 2 2
left_child=2 4 5 6 12 7 19 10 11 13 -1 20 15 -7 17 -2 29 -6 -8 -3 -4 -9 -13 -11 -10 -26 -14 -16 -18 -5
right_child=1 3 8 16 14 9 18 21 24 23 -12 22 26 -15 27 -17 28 -19 -20 -21 -22 -23 -24 -25 25 -27 -28 -29 -30 -31
leaf_value=0.028838844262901217 0.19017294267264057 0.1060737876611829 -0.022072805835354939 0.14274011145175344 0.14050354928224143 -0.00042160988804282009 0.079673700223320043 0.068584358733923156 -0.043498166692616025 0.039725843374933983 0.0024004335945661524 0.011896485690544099 0.23095577670662459 -0.023737617399445039 0.18175303217617567 0.16353438923144906 0.11917006427474466 0.11310761796704323 0.055291510126646619 0.082625529517308435 -0.037179093550870256 0.042211284068531196 -0.013717526322522558 0.014587920718116286 -0.026394850899276623 -0.042119997038367642 0.203783195894263 0.15244139930287612 0.095431781948787431 0.1206846971006546
leaf_weight=56413 17072 6963 19759 1846 17177 38103 7872 10388 523557 7019 20206 6008 3171 21454 3274 16655 1389 10203 131042 26446 34636 3493 3677 3545 16206 82469 3257 2060 24077 5563
leaf_count=56413 17072 6963 19759 1846 17177 38103 7872 10388 523557 7019 20206 6008 3171 21454 3274 16655 1389 10203 131042 26446 34636 3493 3677 3545 16206 82469 3257 2060 24077 5563
internal_value=-8.20939e-10 0.0936373 -0.0307432 0.0691747 0.162524 0.0145716 0.0626522 0.0280142 -0.0413485 -0.00277779 0.0218665 -0.0265736 0.183449 -0.00882065 0.136839 0.177018 0.103364 0.130295 0.0566732 0.0875125 -0.0316917 0.0619479 0.00217189 0.0312902 -0.0428701 -0.0395374 0.217188 0.170433 0.0967265 0.12618
internal_weight=1.125e+06 278067 846933 205198 72869 160621 172323 90500 686312 70121 76619 64080 40155 59557 32714 33727 32875 27380 138914 33409 54395 13881 9685 10564 622232 98675 6428 5334 25466 7409
internal_count=1125000 278067 846933 205198 72869 160621 172323 90500 686312 70121 76619 64080 40155 59557 32714 33727 32875 27380 138914 33409 54395 13881 9685 10564 622232 98675 6428 5334 25466 7409
is_linear=0
shrinkage=0.1


Tree=3
num_leaves=31
num_cat=0
split_feature=5 0 0 4 1 0 0 4 0 4 1 4 0 1 4 1 1 0 1 1 0 0 4 1 0 1 1 1 0 1
split_gain=262323 38075.7 33123.1 3817.35 2568.46 2444.28 2412.44 2378.35 1702.27 881.627 795.642 674.474 592.454 535.244 509.224 502.378 490.311 353.031 349.89 325.969 309.692 214.735 399.958 151.287 122.833 111.609 109.231 91.3429 70.7005 65.5083
threshold=1.0000000180025095e-35 324.62189373858189 205.23246416901628 1.0000000180025095e-35 38.135231870690994 129.68042755244841 305.93431174361984 1.0000000180025095e-35 80.447346599252143 1.0000000180025095e-35 19.246861700356174 1.0000000180025095e-35 421.98166853230646 18.89198226933788 1.0000000180025095e-35 22.631219291631623 38.56995814955129 435.24578305054064 19.997346764138545 29.814448808391393 80.447346599252143 421.98166853230646 1.0000000180025095e-35 19.628040938587681 421.98166853230646 22.26436678502127 21.895020442691667 17.419682217116993 428.5964714261479 19.997346764138545
decision_type=2 2 2 2 2 2 2 2 2 2 2 2 2 2 2 2 2 2 2 2 2 2 2 2 2 2 2 2 2 2
left_child=2 5 7 4 12 14 9 8 13 18 -10 15 -3 -1 19 -7 24 -6 -4 -2 27 22 -8 -22 -5 -11 -13 -9 -18 -16
right_child=1 3 6 16 17 11 21 20 10 25 -12 26 -14 -15 29 -17 28 -19 -20 -21 23 -23 -24 -25 -26 -27 -28 -29 -30 -31
leaf_value=0.035128513957789188 0.17319530805270583 0.099187546635408477 -0.01355899673448438 0.135790669152654 0.075443301774891308 0.13925163903565482 -0.036029023732918573 0.072092778467721039 0.011393246450034297 0.022470792927382889 -0.0097941379384692603 0.17619775418050157 0.071449519042198373 0.01384281795493858 0.21282721206706059 0.11419207333143944 0.11288647505726834 0.048879364116940716 -0.030116717319103106 0.14716439941648773 0.047851718705619342 -0.038861079798461561 -0.013359889266985128 0.026098119843784653 0.10750796887986061 0.00027149370990088665 0.1497072735507107 0.051499254972624531 0.085352571667234381 0.18873177856611045
leaf_weight=26764 17586 9512 23773 1904 5217 17025 51868 4398 37374 4537 33711 3227 40427 21148 2604 15091 972 121950 27555 6622 6714 585088 9157 6103 7936 4522 3007 4221 22996 1991
leaf_count=26764 17586 9512 23773 1904 5217 17025 51868 4398 37374 4537 33711 3227 40427 21148 2604 15091 972 121950 27555 6622 6714 585088 9157 6103 7936 4522 3007 4221 22996 1991
internal_value=1.56913e-10 0.0842736 -0.0276689 0.0633937 0.0575158 0.149853 -0.0364859 0.0166881 0.0111647 -0.0173717 0.00134545 0.133319 0.0767328 0.0257332 0.171868 0.127476 0.0941855 0.0499691 -0.0224479 0.166075 0.04735 -0.0382723 -0.0326274 0.0374934 0.112981 0.0113895 0.16342 0.0620075 0.0864692 0.202387
internal_weight=1.125e+06 278067 846933 210914 177106 67153 706500 140433 118997 60387 71085 38350 49939 47912 28803 32116 33808 127167 51328 24208 21436 646113 61025 12817 9840 9059 6234 8619 23968 4595
internal_count=1125000 278067 846933 210914 177106 67153 706500 140433 118997 60387 71085 38350 49939 47912 28803 32116 33808 127167 51328 24208 21436 646113 61025 12817 9840 9059 6234 8619 23968 4595
is_linear=0
shrinkage=0.1


Tree=4
num_leaves=31
num_cat=0
split_feature=5 0 0 4 0 1 4 0 0 4 1 0 4 1 1 1 4 1 0 1 0 4 0 1 0 1 1 0 4 1
split_gain=212481 30904.8 26895.6 3124.98 2304.97 2231.44 1828.98 1779.11 1182.36 744.91 661.123 607.791 535.758 438.783 433.125 406.167 396.887 328.524 283.595 253.092 235.523 323.121 220.536 131.697 111.575 89.5938 89.4416 76.4139 73.1497 66.7091
threshold=1.0000000180025095e-35 312.27888024496912 194.80748006342415 1.0000000180025095e-35 293.75649745342179 40.315135816956364 1.0000000180025095e-35 124.70531076160695 75.688736751726523 1.0000000180025095e-35 33.881138761640194 455.77431029686039 1.0000000180025095e-35 27.827924874886023 33.035686933952121 33.453237016482653 1.0000000180025095e-35 29.415108231512932 414.8956391585902 30.216761241054623 382.32563257530609 1.0000000180025095e-35 70.795196139432349 34.733114782550466 462.91425462023307 35.142033136153387 34.314566448119407 408.82488804754718 1.0000000180025095e-35 15.623430805230267
decision_type=2 2 2 2 2 2 2 2 2 2 2 2 2 2 2 2 2 2 2 2 2 2 2 2 2 2 2 2 2 2
left_child=2 7 6 5 9 11 8 16 14 17 -10 -3 15 27 -1 -9 19 -4 -7 -2 21 -6 29 -24 -15 -11 -14 -5 -22 -8
right_child=1 3 4 13 20 18 22 12 10 25 -12 -13 26 24 -16 -17 -18 -19 -20 -21 28 -23 23 -25 -26 -27 -28 -29 -30 -31
leaf_value=0.029206070360772041 0.15646654753516095 0.086743789270546406 -0.012596706525130317 0.12810598308464577 -0.031046436750842722 0.070056954701887053 0.067307598741401464 0.12397792139781372 0.008589758172252512 0.018752290689609156 -0.014275063919554671 0.062715556197885367 0.15671809945205983 0.10160368354250103 0.0059268201290129021 0.098901259808710631 0.18286097068744511 -0.029327772352777289 0.043821959858632353 0.13294374279275942 -0.035357432562631512 -0.0080429230637397691 0.041463850125917211 0.017775438703714619 0.077606487376771727 -0.0035434412607706859 0.12964343573577006 0.10226575250015293 -0.032349721210665532 0.048530280627695627
leaf_weight=34690 17080 14225 32903 1450 40640 4267 3534 22084 51468 6533 16765 40496 4362 2099 10385 9129 4416 18243 119902 6247 509034 7186 9770 3089 25186 2489 1694 5430 96132 4072
leaf_count=34690 17080 14225 32903 1450 40640 4267 3534 22084 51468 6533 16765 40496 4362 2099 10385 9129 4416 18243 119902 6247 509034 7186 9770 3089 25186 2489 1694 5430 96132 4072
internal_value=-2.45379e-10 0.0758462 -0.024902 0.0574305 -0.03262 0.0521378 0.0162438 0.136198 0.0112744 -0.0138912 0.00297182 0.0689618 0.121925 0.0851433 0.0238427 0.116644 0.155371 -0.0185644 0.0447235 0.150167 -0.0343458 -0.0275901 0.0437572 0.0357734 0.0794526 0.0126013 0.149145 0.107712 -0.0348797 0.0572548
internal_weight=1.125e+06 278067 846933 213055 713160 178890 133773 65012 113308 60168 68233 54721 37269 34165 45075 31213 27743 51146 124169 23327 652992 47826 20465 12859 27285 9022 6056 6880 605166 7606
internal_count=1125000 278067 846933 213055 713160 178890 133773 65012 113308 60168 68233 54721 37269 34165 45075 31213 27743 51146 124169 23327 652992 47826 20465 12859 27285 9022 6056 6880 605166 7606
is_linear=0
shrinkage=0.1


Tree=5
num_leaves=31
num_cat=0
split_feature=5 0 0 4 1 0 4 0 1 4 0 4 0 0 1 0 1 4 1 0 4 1 1 0 0 1 1 0 4 0
split_gain=172110 25070.6 21806.2 2571.8 2067.77 2022.48 1452.19 1218.79 947.182 612.878 593.512 433.99 428.425 424.961 389.508 373.698 335.143 286.956 286.123 214.885 276.202 193.602 165.597 113.587 107.771 76.4983 70.886 66.408 62.6841 51.5783
threshold=1.0000000180025095e-35 293.75649745342179 189.70910812143933 1.0000000180025095e-35 26.620312649764532 288.27307411119727 1.0000000180025095e-35 109.78014682377959 16.711477229709001 1.0000000180025095e-35 441.87024797080215 1.0000000180025095e-35 60.929994445440563 55.960329028050701 37.708888892187268 408.82488804754718 18.518677910115919 1.0000000180025095e-35 17.06261805620775 375.45669354078956 1.0000000180025095e-35 17.419682217116993 27.827924874886023 408.82488804754718 60.929994445440563 18.89198226933788 21.895020442691667 428.5964714261479 1.0000000180025095e-35 94.974397187399418
decision_type=2 2 2 2 2 2 2 2 2 2 2 2 2 2 2 2 2 2 2 2 2 2 2 2 2 2 2 2 2 2
left_child=2 7 6 4 15 9 8 17 13 18 -6 16 -10 -1 23 -3 -9 21 -4 20 -7 -2 24 -5 -8 -11 -13 -16 -21 -24
right_child=1 3 5 14 10 19 22 11 12 25 -12 26 -14 -15 27 -17 -18 -19 -20 28 -22 -23 29 -25 -26 -27 -28 -29 -30 -31
leaf_value=0.03317054776418351 0.14624024113908576 0.087400202589502859 -0.0070907320834030221 0.11347379055872027 0.064873989546541472 -0.027602123052358596 0.058894851001582815 0.11941601032031833 0.014428755579066151 0.022544624358220636 0.040441331336889715 0.14760737066927487 -0.0043393392483347662 0.014132982448415182 0.092603778479792551 0.063384540418837246 0.098611202326196482 0.16670606587960718 -0.022258409836875465 -0.031813900997689298 -0.0062896661862232167 0.12685392191729911 0.03591075425228938 0.087985777814863678 0.039981966632662874 0.0040481198724556071 0.12589795776842833 0.069111180599174774 -0.02903730679105512 0.017981198425144868
leaf_weight=17125 10903 8567 21243 2240 10728 40343 4536 14482 17813 4014 135757 3251 38345 37187 1269 26589 16639 3884 30002 512070 7160 9765 3166 7968 8973 5048 2799 23226 96655 3253
leaf_count=17125 10903 8567 21243 2240 10728 40343 4536 14482 17813 4014 135757 3251 38345 37187 1269 26589 16639 3884 30002 512070 7160 9765 3166 7968 8973 5048 2799 23226 96655 3253
internal_value=1.36529e-10 0.0682616 -0.0224118 0.0522233 0.0474576 -0.0292569 0.0152021 0.124477 0.01072 -0.0117316 0.0422307 0.113057 0.00161379 0.0201357 0.0771675 0.0692368 0.108293 0.141767 -0.0159708 -0.0308675 -0.0243898 0.137081 0.0400488 0.0935788 0.0463325 0.0122411 0.137564 0.0703282 -0.031373 0.0268245
internal_weight=1.125e+06 278067 846933 216344 181641 716535 130398 61723 110470 60307 146485 37171 56158 54312 34703 35156 31121 24552 51245 656228 47503 20668 19928 10208 13509 9062 6050 24495 608725 6419
internal_count=1125000 278067 846933 216344 181641 716535 130398 61723 110470 60307 146485 37171 56158 54312 34703 35156 31121 24552 51245 656228 47503 20668 19928 10208 13509 9062 6050 24495 608725 6419
is_linear=0
shrinkage=0.1


Tree=6
num_leaves=31
num_cat=0
split_feature=5 0 0 0 0 4 1 4 4 1 0 4 4 1 0 4 1 1 1 1 1 1 1 1 1 1 4 1 1 1
split_gain=139409 20357 17729.4 2060.5 1974.1 1961.57 1177.72 872.508 598.831 580.014 547.559 426.981 395.76 359.953 358.506 272.278 240.927 230.866 196.96 154.214 103.036 100.147 93.6786 77.618 72.7218 67.3085 232.765 45.5796 44.7312 21.0326
threshold=1.0000000180025095e-35 362.59045339837536 243.1352231368746 210.64890777113575 139.74452809196893 1.0000000180025095e-35 24.200582900312643 1.0000000180025095e-35 1.0000000180025095e-35 34.733114782550466 356.19800766258339 1.0000000180025095e-35 1.0000000180025095e-35 33.881138761640194 70.795196139432349 1.0000000180025095e-35 45.345711316640113 24.200582900312643 16.711477229709001 13.44122752127412 34.733114782550466 36.829359432031318 13.44122752127412 33.453237016482653 15.274614224192041 21.115263059788518 1.0000000180025095e-35 46.289303086253511 24.613214232737263 13.44122752127412
decision_type=2 2 2 2 2 2 2 2 2 2 2 2 2 2 2 2 2 2 2 2 2 2 2 2 2 2 2 2 2 2
left_child=2 3 4 11 7 6 22 9 13 -1 12 14 19 -6 -2 18 -8 29 -5 -4 -9 -14 -3 -13 -10 26 -12 -19 -17 -7
right_child=1 5 10 15 8 17 16 20 24 -11 25 23 21 -15 -16 28 -18 27 -20 -21 -22 -23 -24 -25 -26 -27 -28 -29 -30 -31
leaf_value=0.018857117042414797 0.12854684226275409 0.065890433459203271 -0.013410399680531674 0.092880418680327079 -0.0030728916932448087 0.093070254273384626 0.0452517634947526 0.045273485338362902 0.02891694289555637 -0.0014193167845560298 -0.02779268852914344 0.14775809299375056 0.006747739179630269 -0.021082643885452272 0.10824710593385477 0.11662995346559087 0.035219721161822717 0.071566502797953124 0.074065752736630949 -0.025168579352605469 0.025556644421150743 -0.015496802138680136 0.053994805271008389 0.1237337648233402 0.011589747702551919 -0.028585356202532476 -0.013191175706594411 0.061775060302551969 0.097035450456185196 0.080301799483573133
leaf_weight=64312 13421 13910 15667 8823 41587 2703 30261 11447 4068 18072 70498 5472 6820 15137 24732 2474 114588 6110 15063 38725 3449 2878 12632 1783 5987 535368 12918 21425 2202 2468
leaf_count=64312 13421 13910 15667 8823 41587 2703 30261 11447 4068 18072 70498 5472 6820 15137 24732 2474 114588 6110 15063 38725 3449 2878 12632 1783 5987 535368 12918 21425 2202 2468
internal_value=-4.01602e-10 0.0614354 -0.0201706 0.10638 0.00934774 0.0451465 0.040864 0.0184363 -0.00389192 0.0144092 -0.0272624 0.119616 -0.0184636 -0.00787886 0.115388 0.0853354 0.0373156 0.0675887 0.0810155 -0.0217818 0.0407083 0.0001464 0.060229 0.141854 0.0185999 -0.0281737 -0.0255315 0.0639478 0.107403 0.0869762
internal_weight=1.125e+06 278067 846933 73970 164059 204097 171391 97280 66779 82384 682874 45408 64090 56724 38153 28562 144849 32706 23886 54392 14896 9698 26542 7255 10055 618784 83416 27535 4676 5171
internal_count=1125000 278067 846933 73970 164059 204097 171391 97280 66779 82384 682874 45408 64090 56724 38153 28562 144849 32706 23886 54392 14896 9698 26542 7255 10055 618784 83416 27535 4676 5171
is_linear=0
shrinkage=0.1


Tree=7
num_leaves=31
num_cat=0
split_feature=5 0 0 1 0 4 4 0 1 0 4 4 0 1 0 1 4 0 4 1 4 1 4 1 4 0 1 0 0 1
split_gain=112921 16552.8 14416.8 1742.76 1418.78 1131.56 927.518 728.388 672.362 604.708 413.498 407.076 349.335 321.277 235.007 222.337 201.309 185.931 184.24 158.925 290.043 145.776 143.67 122.359 77.3455 69.8871 57.4521 44.7647 37.6227 33.7647
threshold=1.0000000180025095e-35 282.47236318893005 184.70044108233398 41.689595352985286 282.47236318893005 1.0000000180025095e-35 1.0000000180025095e-35 99.901743199024779 12.725483829070271 428.5964714261479 1.0000000180025095e-35 1.0000000180025095e-35 55.960329028050701 34.733114782550466 55.960329028050701 32.635641041909629 1.0000000180025095e-35 477.39687087239992 1.0000000180025095e-35 19.246861700356174 1.0000000180025095e-35 32.205708788802163 1.0000000180025095e-35 14.53926368098538 1.0000000180025095e-35 51.02043124327782 37.708888892187268 51.02043124327782 470.45223873665543 17.806373038409195
decision_type=2 2 2 2 2 2 2 2 2 2 2 2 2 2 2 2 2 2 2 2 2 2 2 2 2 2 2 2 2 2
left_child=2 7 6 9 10 17 8 18 14 22 15 -11 -10 16 -1 -4 -9 -5 21 20 -6 -2 -3 27 -15 -25 -12 -8 -7 -20
right_child=1 3 4 5 19 28 23 13 12 11 26 -13 -14 24 -16 -17 -18 -19 29 -21 -22 -23 -24 25 -26 -27 -28 -29 -30 -31
leaf_value=0.029653284620936082 0.1173344841881743 0.066820913610551966 -0.0080655290938606919 0.047373110377076248 -0.023501222262570794 0.071735789948112236 0.053435576086486115 0.095205002817733017 0.014041554018198892 0.046034440964012803 0.01523095355056347 0.069761934553985425 -0.001951157660085295 0.07393439106309975 0.013836170699610859 -0.022388963770724829 0.11843445482746387 0.031435728124941435 0.14646102336795735 -0.025601358751516614 -0.0078261033548902032 0.096879320456061402 0.090313095776724694 0.038943165344991468 0.098103392137379591 0.021163080867346428 -0.0033827180031414496 0.037385036791322233 0.055414043221636372 0.12685803592276904
leaf_weight=13940 14274 15568 35548 7817 77079 1510 2458 22945 19515 44885 6878 8619 45511 8175 28801 15590 4455 115157 1868 568500 13939 4609 3126 3054 1580 8006 2185 5929 21820 1659
leaf_count=13940 14274 15568 35548 7817 77079 1510 2458 22945 19515 44885 6878 8619 45511 8175 28801 15590 4455 115157 1868 568500 13939 4609 3126 3054 1580 8006 2185 5929 21820 1659
internal_value=4.39043e-10 0.0552919 -0.0181536 0.0425531 -0.0236388 0.0362794 0.0128795 0.102022 0.00925222 0.0552664 -0.00894321 0.0498567 0.00284843 0.0934335 0.0189949 -0.0124322 0.0989819 0.0324488 0.11626 -0.0249802 -0.0211006 0.112342 0.0707493 0.0329801 0.077849 0.0260727 0.0107434 0.042089 0.0564704 0.13724
internal_weight=1.125e+06 278067 846933 218502 719719 146304 127214 59565 107767 72198 60201 53504 65026 37155 42741 51138 27400 122974 22410 659518 91018 18883 18694 19447 9755 11060 9063 8387 23330 3527
internal_count=1125000 278067 846933 218502 719719 146304 127214 59565 107767 72198 60201 53504 65026 37155 42741 51138 27400 122974 22410 659518 91018 18883 18694 19447 9755 11060 9063 8387 23330 3527
is_linear=0
shrinkage=0.1


Tree=8
num_leaves=31
num_cat=0
split_feature=5 0 0 0 4 0 1 4 1 4 1 0 1 4 4 1 1 1 0 0 0 4 1 0 1 1 1 1 0 1
split_gain=91466.3 13447.7 11693.8 1527.65 1269.57 1234.5 773.977 738.255 571.528 401.071 364.834 324.688 224.714 177.593 163.979 151.998 143.082 142.191 135.417 123.78 108.986 224.349 96.7767 69.0171 61.8037 59.7832 32.491 24.7042 19.0503 17.8667
threshold=1.0000000180025095e-35 375.45669354078956 179.90326204986272 221.11385899414822 1.0000000180025095e-35 299.94840935561297 22.631219291631623 1.0000000180025095e-35 29.415108231512932 1.0000000180025095e-35 14.92635571060857 51.02043124327782 13.817470930241672 1.0000000180025095e-35 1.0000000180025095e-35 24.200582900312643 20.364398455100936 47.213005563296171 60.929994445440563 51.02043124327782 441.87024797080215 1.0000000180025095e-35 38.56995814955129 51.02043124327782 9.6173122759933722 34.733114782550466 18.89198226933788 46.289303086253511 46.274216359937704 8.2297853843788289
decision_type=2 2 2 2 2 2 2 2 2 2 2 2 2 2 2 2 2 2 2 2 2 2 2 2 2 2 2 2 2 2
left_child=2 3 7 10 6 9 24 8 11 12 18 -1 -4 16 -12 29 -5 -8 -2 -10 21 -7 23 -9 -3 -11 -15 -17 -24 -6
right_child=1 4 5 13 15 20 17 22 19 25 14 -13 -14 26 -16 27 -18 -19 -20 -21 -22 -23 28 -25 -26 -27 -28 -29 -30 -31
leaf_value=0.023527880672103436 0.11837278784528821 0.055751945078609158 -0.0036185840135125862 0.072638978584768824 0.079233860429742065 -0.021303007873583323 0.035664873766662344 0.044153767624426875 0.007530308710195343 0.013225093141176512 0.085314715722360546 0.0091412693029045873 -0.016321497328810639 0.095220309778969128 0.10665324356801574 0.05715079957609584 0.057072815485372436 0.028313847973859625 0.10100367256936837 -0.0068333716416415493 -0.023060674535931414 -0.0059339280869703075 0.027876739520400668 0.029381108552492093 0.045343487324474942 -0.0030470967895592045 0.078285121902048893 0.049879946831878956 0.01133797653803156 0.066375668055068379
leaf_weight=22336 6516 9534 21026 10456 1579 63160 34462 4473 8273 7946 22297 52701 41240 1890 4295 5985 13567 111285 14427 21832 575168 11179 937 10795 14204 3154 2828 21318 2713 3424
leaf_count=22336 6516 9534 21026 10456 1579 63160 34462 4473 8273 7946 22297 52701 41240 1890 4295 5985 13567 111285 14427 21832 575168 11179 937 10795 14204 3154 2828 21318 2713 3424
internal_value=-1.74132e-10 0.0497627 -0.0163382 0.0855316 0.0362422 -0.0212061 0.0327792 0.0120259 0.00875373 -0.00891022 0.0965359 0.0134237 -0.012032 0.0673316 0.0887612 0.05441 0.063848 0.030052 0.106408 -0.00288616 -0.022595 -0.0189918 0.0302119 0.033709 0.0495239 0.00860145 0.0850692 0.0514738 0.0155837 0.0704339
internal_weight=1.125e+06 278067 846933 76276 201791 722873 169485 124060 105142 73366 47535 75037 62266 28741 26592 32306 24023 145747 20943 30105 649507 74339 18918 15268 23738 11100 4718 27303 3650 5003
internal_count=1125000 278067 846933 76276 201791 722873 169485 124060 105142 73366 47535 75037 62266 28741 26592 32306 24023 145747 20943 30105 649507 74339 18918 15268 23738 11100 4718 27303 3650 5003
is_linear=0
shrinkage=0.1


Tree=9
num_leaves=31
num_cat=0
split_feature=5 0 0 1 0 4 0 4 4 0 1 1 1 0 4 0 4 4 4 1 1 4 1 0 1 1 4 4 1 1
split_gain=74087.7 10933.7 9524.46 1239.13 1193.05 912.329 485.197 404.905 392.346 363.208 311.841 297.745 264.033 257.086 229.927 227.192 170.461 121.472 111.987 106.83 84.3052 79.3887 75.7147 67.886 58.4392 57.4622 43.5497 36.0435 138.033 23.5556
threshold=1.0000000180025095e-35 276.99197801532733 248.49604926412792 24.200582900312643 119.76649817843155 1.0000000180025095e-35 80.447346599252143 1.0000000180025095e-35 1.0000000180025095e-35 477.39687087239992 39.456398889666055 37.241774978905376 39.0079733299319 368.57110927176376 1.0000000180025095e-35 470.45223873665543 1.0000000180025095e-35 1.0000000180025095e-35 1.0000000180025095e-35 26.225247644025735 36.829359432031318 1.0000000180025095e-35 21.895020442691667 477.39687087239992 13.067756124565195 17.419682217116993 1.0000000180025095e-35 1.0000000180025095e-35 30.61838812555165 39.0079733299319
decision_type=2 2 2 2 2 2 2 2 2 2 2 2 2 2 2 2 2 2 2 2 2 2 2 2 2 2 2 2 2 2
left_child=2 6 4 15 8 9 18 11 10 -5 -1 -6 16 14 19 21 -8 -17 20 -4 -2 -3 -16 -7 -9 -10 -14 -15 -29 -20
right_child=1 3 13 5 7 23 12 24 25 -11 -12 -13 26 27 22 17 -18 -19 29 -21 -22 -23 -24 -25 -26 -27 -28 28 -30 -31
leaf_value=0.015240924173562001 0.097134504539471145 0.057115121744697184 -0.012563844861161817 0.042248846095509052 -0.0012093218006774486 0.061206135332545313 0.078046968918791551 0.023899475519378027 0.037770280759181873 0.026255064721731315 -0.0022346754985569867 -0.01667789513512517 0.058352749349201163 -0.02094410905330199 0.0093344186142603706 0.041606430622479408 0.097843813303988489 0.060754255575588258 0.11944810032481418 -0.021229783503996402 0.078641201047438575 0.076774646094154408 -0.0080217129888853368 0.045642762049566035 0.0096744224024126989 0.024392857085810887 0.077734410653694852 -0.011324687263492358 -0.020733192915867941 0.095842026786799595
leaf_weight=58527 12235 12422 30811 15861 54837 3146 26643 4480 6523 135493 12369 16096 7168 515062 4555 20521 5198 3951 2298 26426 3087 2461 5608 25682 8127 6324 1383 19510 77678 518
leaf_count=58527 12235 12422 30811 15861 54837 3146 26643 4480 6523 135493 12369 16096 7168 515062 4555 20521 5198 3951 2298 26426 3087 2461 5608 25682 8127 6324 1383 19510 77678 518
internal_value=-2.6558e-11 0.0447864 -0.0147044 0.0345478 0.00667092 0.0310366 0.0831902 -0.00178441 0.0151058 0.0279311 0.012192 -0.00471943 0.0770889 -0.0199655 -0.0141037 0.0506231 0.0812788 0.0446978 0.0967772 -0.0165649 0.0934086 0.060366 -0.000242791 0.0473412 0.0147294 0.0311852 0.0614875 -0.0206108 -0.0188445 0.115106
internal_weight=1.125e+06 278067 846933 219537 167283 180182 58530 83540 83743 151354 70896 70933 40392 679650 67400 39355 31841 24472 18138 57237 15322 14883 10163 28828 12607 12847 8551 612250 97188 2816
internal_count=1125000 278067 846933 219537 167283 180182 58530 83540 83743 151354 70896 70933 40392 679650 67400 39355 31841 24472 18138 57237 15322 14883 10163 28828 12607 12847 8551 612250 97188 2816
is_linear=0
shrinkage=0.1


Tree=10
num_leaves=31
num_cat=0
split_feature=5 0 0 0 0 4 1 1 4 1 4 4 0 1 1 0 1 0 1 4 1 4 4 4 0 1 1 1 0 1
split_gain=60011 8884.91 7772.17 1090.39 851.939 829.308 498.792 483.326 291.474 242.006 234.866 185.176 178.042 154.117 153.223 125.187 123.058 117.559 108.888 180.21 100.829 94.8886 94.2924 45.7329 39.1165 38.3168 27.7065 23.6999 20.7006 20.3418
threshold=1.0000000180025095e-35 382.32563257530609 174.99536664351851 200.05875797248453 276.99197801532733 1.0000000180025095e-35 18.89198226933788 13.067756124565195 1.0000000180025095e-35 14.168824019439741 1.0000000180025095e-35 1.0000000180025095e-35 41.866304770595072 13.817470930241672 14.53926368098538 46.274216359937704 46.289303086253511 51.02043124327782 15.623430805230267 1.0000000180025095e-35 18.518677910115919 1.0000000180025095e-35 1.0000000180025095e-35 1.0000000180025095e-35 46.274216359937704 43.498705385245174 8.5880882513230521 44.432192976776214 37.279952665353022 34.314566448119407
decision_type=2 2 2 2 2 2 2 2 2 2 2 2 2 2 2 2 2 2 2 2 2 2 2 2 2 2 2 2 2 2
left_child=2 3 7 9 10 6 26 11 12 22 13 15 -9 -4 23 -1 -8 -11 19 -6 -7 -16 -2 -5 -10 -12 -3 -22 -13 -20
right_child=1 5 4 14 18 20 16 8 24 17 25 28 -14 -15 21 -17 -18 -19 29 -21 27 -23 -24 -25 -26 -27 -28 -29 -30 -31
leaf_value=0.024048905583311311 0.085138292769924392 0.045974759581176673 -0.0013178969447857846 0.062688013810367135 -0.016668141624537926 0.059619503846213798 0.029458382466946584 0.011991270240139957 0.029786907141113407 0.084914992925368304 0.011362498776152649 0.042470273117800758 -0.00074281176059616939 -0.012548298144388329 0.048287139554342724 0.011888507062956358 0.022808857289499815 0.069107350408405918 -0.017378544968102188 -0.0028824965358766924 0.047148861271907927 0.065491487783753355 0.1045983123177819 0.080414694703895881 0.016341672647830128 -0.0050368316236185685 0.038282460232986253 0.040334377058546228 0.029705291652998879 -0.018924277136358761
leaf_weight=11796 15596 8312 18767 9140 62424 3632 36980 14405 2943 6316 7823 1635 46173 35026 19411 29986 112493 18440 103222 11181 6661 3840 2963 1731 8173 1742 10723 21829 5697 485940
leaf_count=11796 15596 8312 18767 9140 62424 3632 36980 14405 2943 6316 7823 1635 46173 35026 19411 29986 112493 18440 103222 11181 6661 3840 2963 1731 8173 1742 10723 21829 5697 485940
internal_value=-2.45743e-10 0.0403078 -0.0132339 0.0690801 -0.0171414 0.0292026 0.0263955 0.0102518 0.00501659 0.0796122 -0.00606293 0.0178939 0.00228526 -0.0086303 0.0557105 0.0153217 0.024454 0.0731404 -0.0182004 -0.014574 0.043928 0.0511285 0.0882451 0.0655107 0.0199013 0.00837581 0.0416415 0.0419276 0.0325518 -0.0186535
internal_weight=1.125e+06 278067 846933 77437 726125 200630 168508 120808 71694 43315 63358 49114 60578 53793 34122 41782 149473 24756 662767 73605 32122 23251 18559 10871 11116 9565 19035 28490 7332 589162
internal_count=1125000 278067 846933 77437 726125 200630 168508 120808 71694 43315 63358 49114 60578 53793 34122 41782 149473 24756 662767 73605 32122 23251 18559 10871 11116 9565 19035 28490 7332 589162
is_linear=0
shrinkage=0.1


Tree=11
num_leaves=31
num_cat=0
split_feature=5 0 0 0 0 4 1 0 4 1 4 0 1 1 1 4 1 4 4 4 0 4 1 1 4 0 0 4 4 0
split_gain=48608.9 7240.47 6312.03 866.23 739.029 609.089 396.194 317.807 299.251 271.696 259.966 189.957 175.06 169.538 141.5 102.266 95.1458 84.9814 80.4623 74.2081 53.1663 131.963 52.5201 50.8016 39.5672 39.0229 35.8841 31.5795 13.7881 9.71336
threshold=1.0000000180025095e-35 271.23520627450051 169.86149678189096 484.77604655912592 312.27888024496912 1.0000000180025095e-35 38.56995814955129 94.974397187399418 1.0000000180025095e-35 19.246861700356174 1.0000000180025095e-35 70.795196139432349 37.708888892187268 37.708888892187268 16.711477229709001 1.0000000180025095e-35 38.135231870690994 1.0000000180025095e-35 1.0000000180025095e-35 1.0000000180025095e-35 449.02249769606789 1.0000000180025095e-35 17.06261805620775 12.355582783623641 1.0000000180025095e-35 66.086964124052528 51.02043124327782 1.0000000180025095e-35 1.0000000180025095e-35 66.086964124052528
decision_type=2 2 2 2 2 2 2 2 2 2 2 2 2 2 2 2 2 2 2 2 2 2 2 2 2 2 2 2 2 2
left_child=2 7 6 14 10 9 8 16 11 -5 12 -1 -4 15 24 -9 18 -16 -2 25 21 -6 -7 -12 -3 -8 -10 -15 -18 -21
right_child=1 3 4 5 20 22 19 13 26 -11 23 -13 -14 27 17 -17 28 -19 -20 29 -22 -23 -24 -25 -26 -27 -28 -29 -30 -31
leaf_value=0.015623098526924853 0.07786598287814582 0.048901571013102524 -0.0062309562260196467 0.035433027487534151 -0.015784656397465079 0.052054313148274592 0.00089283575167415936 0.063215582690857267 0.033078876185814968 0.021358239569764379 0.015672694640827031 0.0058313046009705284 -0.017514809775302936 0.046784615158878565 0.035420157284226726 0.0795732075671442 0.06127067520787538 0.050971508057326559 0.096615241568903165 0.017663356896877282 -0.016864787912958156 -0.0037477015845070469 0.037131822715357823 0.0021412989461556727 0.065109532602902545 -0.0085544320557845079 0.022307196762539738 0.063687179976161315 0.077403521647103485 0.0067649121775724165
leaf_weight=34676 14555 9307 55599 15211 60090 2586 7036 23403 4473 139461 3996 46220 18266 6851 21226 4568 3416 4211 2716 1341 571757 10735 26814 9077 1797 11549 10022 1318 627 2096
leaf_count=34676 14555 9307 55599 15211 60090 2586 7036 23403 4473 139461 3996 46220 18266 6851 21226 4568 3416 4211 2716 1341 571757 10735 26814 9077 1797 11549 10022 1318 627 2096
internal_value=-2.0221e-11 0.036277 -0.0119106 0.0280422 -0.0153739 0.0252503 0.00960836 0.0678972 0.0123994 0.0227424 -0.00672083 0.0100285 -0.00902133 0.0621856 0.0421061 0.065887 0.0775818 0.0379946 0.0808145 -0.00248149 -0.0165446 -0.0139602 0.0384444 0.00627742 0.0515246 -0.00497784 0.0256312 0.0495117 0.0637726 0.0110171
internal_weight=1.125e+06 278067 846933 220613 729520 184072 117413 57454 95391 154672 86938 80896 73865 36140 36541 27971 21314 25437 17271 22022 642582 70825 29400 13073 11104 18585 14495 8169 4043 3437
internal_count=1125000 278067 846933 220613 729520 184072 117413 57454 95391 154672 86938 80896 73865 36140 36541 27971 21314 25437 17271 22022 642582 70825 29400 13073 11104 18585 14495 8169 4043 3437
is_linear=0
shrinkage=0.1


Tree=12
num_leaves=31
num_cat=0
split_feature=5 0 0 0 1 4 0 1 0 1 4 1 4 4 0 4 1 4 1 4 1 4 4 4 0 4 4 1 4 0
split_gain=39373.2 5872.68 5122.4 717.832 614.261 393.88 379.034 298.501 196.689 184.056 171.665 134.738 126.492 122.157 118.064 135.134 107.697 87.5129 74.8987 69.9083 65.6116 60.5187 60.2607 56.4309 53.0361 46.9789 20.8094 76.6535 16.7783 11.7234
threshold=1.0000000180025095e-35 299.94840935561297 254.1656815360468 144.57796671117657 41.689595352985286 1.0000000180025095e-35 154.95007912577321 10.980537751685661 477.39687087239992 11.299572368020767 1.0000000180025095e-35 12.008678236001183 1.0000000180025095e-35 1.0000000180025095e-35 382.32563257530609 1.0000000180025095e-35 41.229355723706838 1.0000000180025095e-35 9.9541473246168 1.0000000180025095e-35 36.829359432031318 1.0000000180025095e-35 1.0000000180025095e-35 1.0000000180025095e-35 414.8956391585902 1.0000000180025095e-35 1.0000000180025095e-35 31.000006765533563 1.0000000180025095e-35 408.82488804754718
decision_type=2 2 2 2 2 2 2 2 2 2 2 2 2 2 2 2 2 2 2 2 2 2 2 2 2 2 2 2 2 2
left_child=2 6 3 7 8 24 11 17 21 23 -9 25 -10 -11 15 18 22 -1 -4 -13 -17 -3 -8 -5 -6 -2 -16 -28 -18 -7
right_child=1 4 14 9 5 29 16 10 12 13 -12 19 -14 -15 26 20 28 -19 -20 -21 -22 -23 -24 -25 -26 -27 27 -29 -30 -31
leaf_value=0.015421625356952275 0.071972114595518735 0.038140958538945585 -0.0056198030896887109 0.0025473788505953636 0.029572005455015812 0.04461614163745542 0.052008358646635479 0.003913575148251784 0.026738031871755604 -0.0085328173030516999 0.01814684995997113 0.059110190805349329 0.040642634494302984 0.0054422986221964748 -0.015334028827305416 0.004867751689999607 0.037001445302070994 0.029270039661874775 -0.014379183929289233 0.074879532123711984 -0.012057842143499387 0.052482050219604594 0.066007130047318605 0.016895969252180589 0.018432745568097063 0.088244248172043072 -0.008086398312649205 -0.015142756974692523 0.051309404330596248 0.032610094800614491
leaf_weight=30502 11178 17860 12242 18261 4435 844 19023 54669 40502 41238 10028 17400 7803 7373 509034 7355 5114 5366 48182 3353 3326 3523 3668 3225 117918 2109 19249 76883 976 22361
leaf_count=30502 11178 17860 12242 18261 4435 844 19023 54669 40502 41238 10028 17400 7803 7373 509034 7355 5114 5366 48182 3353 3326 3523 3668 3225 117918 2109 19249 76883 976 22361
internal_value=4.68769e-11 0.0326493 -0.0107195 0.00476168 0.0247983 0.0211019 0.0595497 0.0101763 0.0325188 -0.00300645 0.00611973 0.0666921 0.0289841 -0.00641316 -0.0146263 -0.0107716 0.0511022 0.0174934 -0.0126045 0.061658 -0.000402778 0.0405038 0.0542713 0.00470107 0.0188365 0.0745549 -0.0150792 -0.0137298 0.0392945 0.0330468
internal_weight=1.125e+06 278067 846933 170662 215246 145558 62821 100565 69688 70097 64697 34040 48305 48611 676271 71105 28781 35868 60424 20753 10681 21383 22691 21486 122353 13287 605166 96132 6090 23205
internal_count=1125000 278067 846933 170662 215246 145558 62821 100565 69688 70097 64697 34040 48305 48611 676271 71105 28781 35868 60424 20753 10681 21383 22691 21486 122353 13287 605166 96132 6090 23205
is_linear=0
shrinkage=0.1


Tree=13
num_leaves=31
num_cat=0
split_feature=5 0 0 1 0 4 1 0 4 0 1 0 1 4 0 4 1 1 4 1 4 4 4 4 0 0 4 0 1 4
split_gain=31892.3 4787.29 4164.49 612.155 524.699 365.24 292.098 227.15 197.565 158.815 156.771 154.599 144.591 111.951 103.901 85.2057 77.9682 74.4852 110.346 42.181 39.7857 32.3796 31.9863 31.3337 27.8507 25.9692 22.0052 20.5302 15.8087 8.74175
threshold=1.0000000180025095e-35 265.54131666192279 164.88786072679912 31.807094445875205 271.23520627450051 1.0000000180025095e-35 41.689595352985286 55.960329028050701 1.0000000180025095e-35 408.82488804754718 9.9541473246168 32.604683881243197 39.891390684683962 1.0000000180025095e-35 414.8956391585902 1.0000000180025095e-35 44.884285269711206 12.725483829070271 1.0000000180025095e-35 29.015675144927656 1.0000000180025095e-35 1.0000000180025095e-35 1.0000000180025095e-35 1.0000000180025095e-35 32.604683881243197 41.866304770595072 1.0000000180025095e-35 492.16667056395062 30.61838812555165 1.0000000180025095e-35
decision_type=2 2 2 2 2 2 2 2 2 2 2 2 2 2 2 2 2 2 2 2 2 2 2 2 2 2 2 2 2 2
left_child=2 7 6 9 12 14 8 19 11 22 21 -1 13 -4 -5 -11 -12 18 -6 23 25 -9 -3 -2 -10 -8 -14 -7 -19 -21
right_child=1 3 4 5 17 27 20 10 24 15 16 -13 26 -15 -16 -17 -18 28 -20 29 -22 -23 -24 -25 -26 -27 -28 -29 -30 -31
leaf_value=0.01704110181099654 0.068256695909608464 0.038450740376093223 -0.0034834472097373167 0.028333043697647872 -0.011711003891636507 0.038776972879538234 0.001789946498172104 0.059153783572398901 0.029834258282003562 0.026484004970075987 0.050851528866018084 0.0062124074401599385 -0.01455808106233477 0.0094013015571992615 0.017010221834903399 0.039057620642631546 0.038806484075068585 -0.012426025919968841 0.00025226596895844592 0.055811199004088166 0.0073738305384086246 0.072924912079524035 0.050709054097500733 0.084324824932050083 0.018898876922451773 -0.0076849310874878276 -0.0035093825060502275 0.029558120440714666 -0.013817412440707036 0.069371784788317389
leaf_weight=16572 7691 13064 44492 8637 51040 2687 3832 10633 2914 33066 24043 64493 12073 7948 131382 6439 6921 97270 9082 2997 2909 2034 2543 1441 11601 11802 2119 23924 508786 565
leaf_count=16572 7691 13064 44492 8637 51040 2687 3832 10633 2914 33066 24043 64493 12073 7948 131382 6439 6921 97270 9082 2997 2909 2034 2543 1441 11601 11802 2119 23924 508786 565
internal_value=1.23762e-12 0.0293844 -0.00964755 0.0227714 -0.0124148 0.0197497 0.00812156 0.0554186 0.0103499 0.0319075 0.0519932 0.0084261 -0.00395396 -0.00153059 0.0177087 0.0285334 0.0481592 -0.0132611 -0.00990384 0.067192 -0.0033645 0.0613651 0.0404481 0.0707922 0.0210942 -0.00536257 -0.0129084 0.030489 -0.0135941 0.0579622
internal_weight=1.125e+06 278067 846933 221742 732810 166630 114123 56325 95580 55112 43631 81065 66632 52440 140019 39505 30964 666178 60122 12694 18543 12667 15607 9132 14515 15634 14192 26611 606056 3562
internal_count=1125000 278067 846933 221742 732810 166630 114123 56325 95580 55112 43631 81065 66632 52440 140019 39505 30964 666178 60122 12694 18543 12667 15607 9132 14515 15634 14192 26611 606056 3562
is_linear=0
shrinkage=0.1


Tree=14
num_leaves=31
num_cat=0
split_feature=5 0 0 1 0 4 1 0 0 4 1 1 1 4 0 0 4 4 4 4 0 4 0 1 4 4 1 4 4 4
split_gain=25832.8 3881.66 3382.07 527.428 451.159 331.423 252.386 177.906 165.983 136.566 131.982 129.474 109.109 78.1554 76.1426 67.7904 124.847 61.8212 49.7011 42.1554 38.2575 35.7707 31.8787 30.3176 28.828 28.0844 21.4294 14.4684 12.6214 8.18753
threshold=1.0000000180025095e-35 259.70048576135378 159.99142948281948 21.115263059788518 265.54131666192279 1.0000000180025095e-35 8.5880882513230521 46.274216359937704 484.77604655912592 1.0000000180025095e-35 23.794668847602427 8.9417578334982792 43.498705385245174 1.0000000180025095e-35 477.39687087239992 428.5964714261479 1.0000000180025095e-35 1.0000000180025095e-35 1.0000000180025095e-35 1.0000000180025095e-35 32.604683881243197 1.0000000180025095e-35 402.01531791186449 14.168824019439741 1.0000000180025095e-35 1.0000000180025095e-35 44.432192976776214 1.0000000180025095e-35 1.0000000180025095e-35 1.0000000180025095e-35
decision_type=2 2 2 2 2 2 2 2 2 2 2 2 2 2 2 2 2 2 2 2 2 2 2 2 2 2 2 2 2 2
left_child=2 7 6 14 11 8 18 23 -5 12 17 24 -8 -13 25 16 -6 -9 20 -12 -1 -16 -7 28 -4 -3 -11 -25 -2 -17
right_child=1 3 4 5 15 22 9 10 -10 26 19 13 -14 -15 21 29 -18 -19 -20 -21 -22 -23 -24 27 -26 -27 -28 -29 -30 -31
leaf_value=0.020587580050413126 0.065649207661963305 0.035296947470366352 0.0027962064010822137 0.025207037713111082 -0.010908500182877104 0.038990613968556201 0.0048805513243655538 0.049779026403582241 0.015388497683093312 0.016449818638351609 0.038714561384007411 -0.007397304425625837 -0.0050688873291724508 0.003598301666613415 0.025985346276132488 -0.012468782563455598 -0.00034437743436493631 0.062801870436327165 0.024519472943863342 0.051997140219783515 0.011476469687575789 0.03732580263859988 0.027103744445623891 0.054835587618219175 0.014676575359470709 0.047074724420451776 0.006043584308829974 0.068534728363804906 0.079884865964815865 -0.011443629821683739
leaf_weight=5899 3990 12444 13455 19677 74550 2457 52900 22446 137745 9686 15116 43161 13923 7603 17226 489171 13162 4352 4794 2838 21069 3317 27598 4786 2408 2418 2487 919 738 92665
leaf_count=5899 3990 12444 13455 19677 74550 2457 52900 22446 137745 9686 15116 43161 13923 7603 17226 489171 13162 4352 4794 2838 21069 3317 27598 4786 2408 2418 2487 919 738 92665
internal_value=1.53002e-11 0.0264459 -0.00868279 0.0205669 -0.0111339 0.0184529 0.00760903 0.0501903 0.0166158 0.00458214 0.0474489 -0.00328625 0.00280752 -0.00575048 0.0317609 -0.0119148 -0.00932326 0.0518939 0.0151373 0.0408141 0.0134694 0.0278164 0.0280755 0.0619498 0.00459964 0.0372132 0.0143238 0.0570423 0.0678713 -0.0123055
internal_weight=1.125e+06 278067 846933 222882 736175 187477 110758 55185 157422 78996 44752 66627 66823 50764 35405 669548 87712 26798 31762 17954 26968 20543 30055 10433 15863 14862 12173 5705 4728 581836
internal_count=1125000 278067 846933 222882 736175 187477 110758 55185 157422 78996 44752 66627 66823 50764 35405 669548 87712 26798 31762 17954 26968 20543 30055 10433 15863 14862 12173 5705 4728 581836
is_linear=0
shrinkage=0.1


Tree=15
num_leaves=31
num_cat=0
split_feature=5 0 0 0 0 4 1 1 1 1 4 4 1 0 0 0 1 4 1 4 4 1 4 1 4 0 0 4 1 4
split_gain=20924.6 3163.08 2741.14 438.476 391.513 288.13 202.145 201.368 164.244 110.112 105.762 84.3588 78.6753 76.4788 66.4218 63.7467 55.1795 48.9159 42.869 42.0349 36.9681 27.3117 61.4745 17.6809 16.3432 15.5485 15.38 12.627 12.5261 7.15841
threshold=1.0000000180025095e-35 388.7749052845266 154.95007912577321 194.80748006342415 324.62189373858189 1.0000000180025095e-35 17.06261805620775 15.623430805230267 30.61838812555165 39.456398889666055 1.0000000180025095e-35 1.0000000180025095e-35 10.613016123657678 37.279952665353022 37.279952665353022 32.604683881243197 47.683190163873981 1.0000000180025095e-35 13.817470930241672 1.0000000180025095e-35 1.0000000180025095e-35 9.6173122759933722 1.0000000180025095e-35 4.8857293773712565 1.0000000180025095e-35 27.903107903807804 32.604683881243197 1.0000000180025095e-35 48.607278753326227 1.0000000180025095e-35
decision_type=2 2 2 2 2 2 2 2 2 2 2 2 2 2 2 2 2 2 2 2 2 2 2 2 2 2 2 2 2 2
left_child=2 3 7 9 8 6 23 14 10 13 -4 15 27 -2 24 -9 -8 -16 -7 -14 -10 22 -6 -3 -1 -13 -11 -5 -20 -23
right_child=1 5 4 12 21 18 16 11 20 26 -12 25 19 -15 17 -17 -18 -19 28 -21 -22 29 -24 -25 -26 -27 -28 -29 -30 -31
leaf_value=0.016426270676754003 0.059612954598941205 0.031183436375481904 -0.0030864753301484559 0.039530176547180648 -0.010030069963721081 0.038091551071625838 0.017443273942309555 0.0084762441433968595 -0.011216633948863132 0.047046271583635238 0.0079112732007675986 0.021047739342688537 0.02845526744506708 0.047818889633343444 0.0080735665105921249 -0.00052383982416674246 0.013133385475356524 0.018122840208421271 0.027891362609275629 0.038929089730541107 -0.0021743637958004103 -0.011229073698222318 0.0010489078988374686 0.023883733736973965 0.026512119118177344 0.010035469748447493 0.035081509161369269 0.050143045191282223 0.023375396818472984 -0.010281689627865659
leaf_weight=10946 6872 4553 58275 7108 32767 2612 40674 9938 29803 1285 10288 1554 23247 27501 32244 37816 110164 5700 8753 4588 5330 502339 5912 12234 1883 7329 6554 1331 20591 94809
leaf_count=10946 6872 4553 58275 7108 32767 2612 40674 9938 29803 1285 10288 1554 23247 27501 32244 37816 110164 5700 8753 4588 5330 502339 5912 12234 1883 7329 6554 1331 20591 94809
internal_value=-1.54514e-10 0.0238014 -0.00781451 0.040809 -0.00998266 0.017113 0.0154541 0.00711325 -0.00428514 0.0477378 -0.00143624 0.00301368 0.032746 0.0501768 0.0116863 0.00134915 0.0142956 0.00958318 0.0258152 0.0301817 -0.00984484 -0.0109119 -0.00833667 0.0258636 0.0179066 0.011962 0.0370428 0.041204 0.0247225 -0.0110787
internal_weight=1.125e+06 278067 846933 78486 739523 199581 167625 107410 103696 42212 68563 56637 36274 34373 50773 47754 150838 37944 31956 27835 35133 635827 38679 16787 12829 8883 7839 8439 29344 597148
internal_count=1125000 278067 846933 78486 739523 199581 167625 107410 103696 42212 68563 56637 36274 34373 50773 47754 150838 37944 31956 27835 35133 635827 38679 16787 12829 8883 7839 8439 29344 597148
is_linear=0
shrinkage=0.1


Tree=16
num_leaves=31
num_cat=0
split_feature=5 0 0 1 0 4 1 1 0 1 1 1 4 0 1 0 4 4 0 4 4 0 4 1 4 1 4 0 4 0
split_gain=16948.9 2576.14 2236.72 363.476 360.82 169.043 160.781 132.54 132.051 110.271 89.1825 76.3004 74.2098 60.4386 60.1553 73.2495 52.4183 48.0437 31.1186 30.7297 30.0422 26.0514 25.5074 23.6274 20.9404 15.195 45.873 13.2505 7.51804 5.24955
threshold=1.0000000180025095e-35 254.1656815360468 254.1656815360468 42.598077773313555 99.901743199024779 1.0000000180025095e-35 9.6173122759933722 9.6173122759933722 402.01531791186449 24.200582900312643 44.432192976776214 11.671965697192618 1.0000000180025095e-35 60.929994445440563 10.613016123657678 428.5964714261479 1.0000000180025095e-35 1.0000000180025095e-35 41.866304770595072 1.0000000180025095e-35 1.0000000180025095e-35 499.4584250600696 1.0000000180025095e-35 10.613016123657678 1.0000000180025095e-35 28.206274442567771 1.0000000180025095e-35 32.604683881243197 1.0000000180025095e-35 492.16667056395062
decision_type=2 2 2 2 2 2 2 2 2 2 2 2 2 2 2 2 2 2 2 2 2 2 2 2 2 2 2 2 2 2
left_child=2 7 4 8 9 21 20 18 23 17 -8 -10 13 -9 15 16 -4 -1 28 -11 -6 -5 -17 -3 -20 26 -16 -14 -2 -7
right_child=1 3 14 5 6 29 10 12 11 19 -12 -13 27 -15 25 22 -18 -19 24 -21 -22 -23 -24 -25 -26 -27 -28 -29 -30 -31
leaf_value=0.010265611031080778 0.05554246634675282 0.034641447545349591 -0.0035942120430948392 0.017285214051842732 0.004428105219877348 0.026698171766858819 -0.0012399331210836886 0.043564676224189414 0.026518561311112326 0.0017906661827969486 -0.0096639142181866953 0.017818813391258955 0.059976505036719613 0.03340255078586056 -0.0096711086782832884 -0.01040993275158064 0.011276078465231872 0.019362223649396333 0.0447147644447232 0.011486908841077398 0.013550126555354017 0.011832036684192063 -0.0027633980593866998 0.027021174774040299 0.055690860308439165 -0.010100130810157303 -0.0036801114670059116 0.046090910079295742 0.069294533776676548 0.021118042221311837
leaf_weight=38534 2640 5648 16508 9497 23613 1830 56677 7718 12986 20711 16148 45069 789 24214 82286 27902 2768 6836 10870 3881 4262 112977 5171 14553 2069 526505 15131 5328 468 21411
leaf_count=38534 2640 5648 16508 9497 23613 1830 56677 7718 12986 20711 16148 45069 789 24214 82286 27902 2768 6836 10870 3881 4262 112977 5171 14553 2069 526505 15131 5328 468 21411
internal_value=-7.89095e-11 0.0214212 -0.00703306 0.0166908 0.00319688 0.0137386 -0.000635721 0.0410062 0.0221879 0.00871334 -0.00310784 0.0197648 0.0377917 0.0358587 -0.00961466 -0.00635864 -0.00145886 0.0116362 0.0486281 0.00332088 0.00582283 0.0122549 -0.00921439 0.0291517 0.0464699 -0.00988785 -0.00874058 0.0478819 0.0576132 0.0215574
internal_weight=1.125e+06 278067 846933 223971 170662 145715 100700 54096 78256 69962 72825 58055 38049 31932 676271 52349 19276 45370 16047 24592 27875 122474 33073 20201 12939 623922 97417 6117 3108 23241
internal_count=1125000 278067 846933 223971 170662 145715 100700 54096 78256 69962 72825 58055 38049 31932 676271 52349 19276 45370 16047 24592 27875 122474 33073 20201 12939 623922 97417 6117 3108 23241
is_linear=0
shrinkage=0.1


Tree=17
num_leaves=31
num_cat=0
split_feature=5 0 0 0 0 4 1 1 1 1 1 0 1 0 1 4 4 1 4 4 4 0 0 1 4 4 4 4 1 4
split_gain=13728.6 2088.8 1823.59 304.636 256.521 179.657 150.92 106.357 91.527 88.817 86.9311 70.9495 63.8986 47.6357 41.8363 53.2196 37.307 37.1088 35.0164 34.6307 32.6084 26.3632 22.1418 20.5685 18.8812 14.0653 13.2628 11.09 10.4738 10.3573
threshold=1.0000000180025095e-35 248.49604926412792 154.95007912577321 492.16667056395062 265.54131666192279 1.0000000180025095e-35 7.2124281949065869 20.743342694959928 16.339205817117715 17.806373038409195 46.289303086253511 32.604683881243197 13.817470930241672 41.866304770595072 10.283475171466646 1.0000000180025095e-35 1.0000000180025095e-35 47.683190163873981 1.0000000180025095e-35 1.0000000180025095e-35 1.0000000180025095e-35 37.279952665353022 23.534849606518126 15.978991811949621 1.0000000180025095e-35 1.0000000180025095e-35 1.0000000180025095e-35 1.0000000180025095e-35 35.142033136153387 1.0000000180025095e-35
decision_type=2 2 2 2 2 2 2 2 2 2 2 2 2 2 2 2 2 2 2 2 2 2 2 2 2 2 2 2 2 2
left_child=2 7 6 12 9 8 22 13 -5 20 11 -8 25 27 15 -6 -11 21 -14 -15 -4 -9 -1 -7 -24 -3 -12 -2 -16 -19
right_child=1 3 4 5 14 23 10 17 -10 16 26 -13 18 19 28 -17 -18 29 -20 -21 -22 -23 24 -25 -26 -27 -28 -29 -30 -31
leaf_value=0.018953703891551123 0.047563809631720522 0.027786260130773944 0.00025840996101332661 0.020128192814642797 -0.0072795342008648654 0.029423152338630961 0.011494657056217848 0.044403119202308265 0.011212490448110232 -0.006884779400963683 -0.0047420131961757811 0.0035213026143666977 0.018967864775786134 0.037533029993469677 -0.0081528700653925434 0.0019150518371469187 0.0017832912983746622 0.024309411586075733 0.027959758877123604 0.047882790959092501 0.0093246379261469493 0.033068490497481937 0.0098893548664201539 0.019706459202840851 0.018025286543815907 0.037566524582659126 0.0036876299266864637 0.059869146210566375 -0.0091415540467431142 0.034723082768998721
leaf_weight=4320 4688 9016 26880 12537 41495 2371 14160 2398 141153 32583 11919 52677 26186 20009 137701 7421 5858 5835 5189 3856 4654 14223 18757 26839 3364 1757 2213 868 482931 1142
leaf_count=4320 4688 9016 26880 12537 41495 2371 14160 2398 141153 32583 11919 52677 26186 20009 137701 7421 5858 5835 5189 3856 4654 14223 18757 26839 3364 1757 2213 868 482931 1142
internal_value=-5.41204e-11 0.0192791 -0.00632976 0.0150723 -0.00809818 0.0133061 0.0058459 0.0371356 0.0119398 -0.00233708 0.00370385 0.00521053 0.0227366 0.0411468 -0.00870027 -0.00588463 -0.00556386 0.0321345 0.020455 0.0392053 0.00159646 0.0347038 0.0124054 0.0204952 0.0111266 0.0293814 -0.00342197 0.0494862 -0.00892219 0.0260139
internal_weight=1.125e+06 278067 846933 225048 739523 182900 107410 53019 153690 69975 80969 66837 42148 29421 669548 48916 38441 23598 31375 23865 31534 16621 26441 29210 22121 10773 14132 5556 620632 6977
internal_count=1125000 278067 846933 225048 739523 182900 107410 53019 153690 69975 80969 66837 42148 29421 669548 48916 38441 23598 31375 23865 31534 16621 26441 29210 22121 10773 14132 5556 620632 6977
is_linear=0
shrinkage=0.1


Tree=18
num_leaves=31
num_cat=0
split_feature=5 0 0 0 0 4 1 1 1 4 1 4 0 4 1 1 4 1 4 0 0 1 1 4 0 4 1 4 1 0
split_gain=11120.2 1700.48 1477.77 253.836 226.686 162.397 123.738 119.542 105.092 94.4593 75.2663 73.1536 56.552 47.2481 44.2817 30.6558 26.4286 25.819 19.0592 15.1439 14.7726 13.3264 12.1899 11.5265 9.93491 46.2062 8.26721 6.71215 4.14955 3.83092
threshold=1.0000000180025095e-35 395.25623469657438 149.91895994542452 200.05875797248453 343.36845950471792 1.0000000180025095e-35 41.229355723706838 7.9088781355731905 17.06261805620775 1.0000000180025095e-35 8.2297853843788289 1.0000000180025095e-35 27.903107903807804 1.0000000180025095e-35 45.808850890347323 48.607278753326227 1.0000000180025095e-35 18.518677910115919 1.0000000180025095e-35 23.534849606518126 27.903107903807804 46.289303086253511 4.530515572885073 1.0000000180025095e-35 470.45223873665543 1.0000000180025095e-35 48.607278753326227 1.0000000180025095e-35 8.2297853843788289 60.929994445440563
decision_type=2 2 2 2 2 2 2 2 2 2 2 2 2 2 2 2 2 2 2 2 2 2 2 2 2 2 2 2 2 2
left_child=2 3 7 10 6 8 9 18 22 -4 20 12 -9 -12 16 -10 -5 28 19 -1 -2 -13 -3 -8 25 -6 -19 -16 -7 -20
right_child=1 5 4 14 24 17 23 11 15 -11 13 21 -14 -15 27 -17 -18 26 29 -21 -22 -23 -24 -25 -26 -27 -28 -29 -30 -31
leaf_value=0.015607888127393655 0.049890263531590671 0.023431554111944114 -0.0028808537299714393 0.023939380099884756 -0.0079700362717622149 0.031020039133727369 -0.010344524316194169 0.0082862253573120857 0.012625127050524468 0.0060574319223144144 0.030619621718890728 0.012275123661097056 0.00068118088268627865 0.041137499118713186 0.01511087458370038 0.0094323497649208814 0.032121715720135009 0.020738462063384186 0.020881967297071528 0.0088388848885704967 0.040157873708063133 0.0035328165764453006 0.017153522104766689 -0.0043295954476932899 -0.0081507607323550706 -0.00048040755304431268 0.016897103890755542 0.023285603669237182 0.024074585326814654 0.014745726438668231
leaf_weight=3974 1850 4120 78270 24410 54464 1496 21374 12018 41594 13927 26435 9593 52457 5094 5960 108570 4709 7702 1742 19637 9936 2131 12405 3744 561451 9705 20554 1208 2024 2446
leaf_count=3974 1850 4120 78270 24410 54464 1496 21374 12018 41594 13927 26435 9593 52457 5094 5960 108570 4709 7702 1742 19637 9936 2131 12405 3744 561451 9705 20554 1208 2024 2446
internal_value=-1.41739e-10 0.0173512 -0.00569678 0.029699 -0.00725963 0.0123986 -0.00322581 0.00546779 0.0111497 -0.00153066 0.0348676 0.00342 0.00209874 0.0323189 0.0235294 0.0103167 0.0252626 0.0189503 0.011081 0.00997819 0.0416855 0.0106861 0.0187188 -0.00944796 -0.00801604 -0.0068373 0.0179442 0.0164885 0.0270264 0.0172981
internal_weight=1.125e+06 278067 846933 79602 742935 198465 117315 103998 166689 92197 43315 76199 64475 31529 36287 150164 29119 31776 27799 23611 11786 11724 16525 25118 625620 64169 28256 7168 3520 4188
internal_count=1125000 278067 846933 79602 742935 198465 117315 103998 166689 92197 43315 76199 64475 31529 36287 150164 29119 31776 27799 23611 11786 11724 16525 25118 625620 64169 28256 7168 3520 4188
is_linear=0
shrinkage=0.1


Tree=19
num_leaves=31
num_cat=0
split_feature=5 0 0 1 0 4 1 0 1 0 1 1 0 1 4 4 4 1 1 4 4 0 0 4 4 1 0 4 0 1
split_gain=9007.33 1381.65 1208.02 212.318 167.341 87.317 86.5947 79.8655 79.8287 67.7163 66.5062 58.3263 57.2879 56.2112 40.3551 39.8061 37.4456 31.4973 23.8422 19.8987 17.7833 10.6075 10.3355 8.69453 8.45813 43.7342 7.81717 7.45834 2.58555 0.949376
threshold=1.0000000180025095e-35 248.49604926412792 221.11385899414822 44.432192976776214 94.974397187399418 1.0000000180025095e-35 6.1992931783373004 462.91425462023307 43.02815439987058 343.36845950471792 43.02815439987058 25.000535695663014 70.795196139432349 44.884285269711206 1.0000000180025095e-35 1.0000000180025095e-35 1.0000000180025095e-35 6.5603256223508319 7.9088781355731905 1.0000000180025095e-35 1.0000000180025095e-35 421.98166853230646 37.279952665353022 1.0000000180025095e-35 1.0000000180025095e-35 37.241774978905376 18.958867754649308 1.0000000180025095e-35 428.5964714261479 5.8885767350607958
decision_type=2 2 2 2 2 2 2 2 2 2 2 2 2 2 2 2 2 2 2 2 2 2 2 2 2 2 2 2 2 2
left_child=2 8 4 7 10 21 27 18 12 11 15 16 19 -8 -9 -1 -4 -14 -3 -2 -13 -5 -10 -24 29 -26 -12 -6 -7 -11
right_child=1 3 9 5 6 28 13 14 22 24 26 20 17 -15 -16 -17 -18 -19 -20 -21 -22 -23 23 -25 25 -27 -28 -29 -30 -31
leaf_value=0.0069394972215960811 0.03563236493855907 0.026395045122058931 -0.0026032022442346796 0.01291044274834164 0.0057482441268146851 0.019964579557586917 -0.00014830860866094623 0.012773720356906321 0.029768325257213259 -0.0066753264596525908 0.0049648302358995446 -0.008021580475306371 0.035183158108419529 -0.0075179105280689653 0.020205225303922904 0.0143191516983791 0.0061899699893197026 0.027682285936672154 0.019088051149513827 0.046214504021431492 -0.0015227455929424094 0.0085606759158749005 0.018440816381404112 0.027731494629330347 -0.0028806589733765538 -0.0076316183797803111 -0.0021596123756902441 0.011759707720921143 0.015279049297379397 -0.0073998823781729313
leaf_weight=48072 11432 5542 32305 5897 13449 1246 55205 45421 1252 18752 1904 27867 7353 12738 8708 8620 5697 23458 22989 2104 4960 113759 6218 1202 26400 72822 8058 2438 21486 507646
leaf_count=48072 11432 5542 32305 5897 13449 1246 55205 45421 1252 18752 1904 27867 7353 12738 8708 8620 5697 23458 22989 2104 4960 113759 6218 1202 26400 72822 8058 2438 21486 507646
internal_value=1.30344e-11 0.0156161 -0.0051271 0.0121947 0.0029977 0.0098544 2.41892e-05 0.016226 0.0301387 -0.00688265 0.00673744 -0.00395209 0.0318546 -0.00152997 0.0139693 0.00806157 -0.00128499 0.0294724 0.0205074 0.0372772 -0.00703964 0.00877505 0.021364 0.0199459 -0.00721444 -0.00636753 -0.000797944 0.00667076 0.0155359 -0.00737407
internal_weight=1.125e+06 278067 846933 225048 150484 142388 83830 82660 53019 696449 66654 70829 44347 67943 54129 56692 38002 30811 28531 13536 32827 119656 8672 7420 625620 99222 9962 15887 22732 526398
internal_count=1125000 278067 846933 225048 150484 142388 83830 82660 53019 696449 66654 70829 44347 67943 54129 56692 38002 30811 28531 13536 32827 119656 8672 7420 625620 99222 9962 15887 22732 526398
is_linear=0
shrinkage=0.1


Tree=20
num_leaves=31
num_cat=0
split_feature=5 0 0 0 0 4 1 1 1 1 0 1 4 1 4 1 0 1 0 1 1 4 0 4 1 4 4 0 4 1
split_gain=7295.94 1121.42 982.139 163.787 132.066 109.728 98.2079 79.9959 56.8059 50.0691 40.0525 36.1534 35.0431 31.2925 30.9491 27.6119 40.2498 26.3175 25.5032 20.929 19.9345 19.2743 12.2321 11.382 8.00061 7.52171 7.22677 7.11972 7.08604 6.01974
threshold=1.0000000180025095e-35 382.32563257530609 159.99142948281948 179.90326204986272 265.54131666192279 1.0000000180025095e-35 20.743342694959928 15.274614224192041 7.5581217649989085 28.206274442567771 46.274216359937704 34.314566448119407 1.0000000180025095e-35 44.884285269711206 1.0000000180025095e-35 7.9088781355731905 435.24578305054064 5.5557879182825234 46.274216359937704 48.607278753326227 17.419682217116993 1.0000000180025095e-35 32.604683881243197 1.0000000180025095e-35 4.530515572885073 1.0000000180025095e-35 1.0000000180025095e-35 27.903107903807804 1.0000000180025095e-35 48.607278753326227
decision_type=2 2 2 2 2 2 2 2 2 2 2 2 2 2 2 2 2 2 2 2 2 2 2 2 2 2 2 2 2 2
left_child=2 3 6 9 8 7 10 24 28 14 23 21 18 -10 -2 16 -6 -12 -8 -9 -7 -5 -11 -1 -3 -13 -17 -14 -4 -22
right_child=1 5 4 11 15 20 12 19 13 22 17 25 27 -15 -16 26 -18 -19 -20 -21 29 -23 -24 -25 -26 -27 -28 -29 -30 -31
leaf_value=0.0094865392974081541 0.02971928075111371 0.019695769870157774 0.0031163947756575805 0.020510902708411199 0.00073592648938685648 0.022711941003333951 0.0035240074354233723 0.01023336484716517 -0.0019132158473974537 0.0303151377995515 0.0085202478071179054 0.013972362991712893 0.01392822062876497 -0.0078735448002577469 0.038916801836922921 -0.0066599830326076713 -0.0061485564298569655 0.0033582645675210424 -0.0021257467128442424 0.0076580662594848848 0.016919694623691469 0.027866836331141266 0.021952247608098132 0.016311026574700363 0.014585024612563412 0.020704366234594651 -0.0057342593851227829 0.0056069190911456623 0.0094807638534532886 0.013702167203647857
leaf_weight=16559 22849 4267 11509 21953 13161 3395 11170 44422 41902 2126 14717 10050 1236 11153 4356 532241 23939 30030 28063 108963 8097 4252 9863 2867 10856 1988 100207 6116 2063 20630
leaf_count=16559 22849 4267 11509 21953 13161 3395 11170 44422 41902 2126 14717 10050 1236 11153 4356 532241 23939 30030 28063 108963 8097 4252 9863 2867 10856 1988 100207 6116 2063 20630
internal_value=-1.02547e-10 0.0140545 -0.00461439 0.0242764 -0.00593526 0.0101091 0.00416501 0.00908805 -0.00168934 0.0288193 0.00670208 0.0196205 0.000670077 -0.00316617 0.031192 -0.00635777 -0.00370633 0.00505601 -0.000517209 0.0084039 0.0154655 0.0217045 0.0234352 0.0104937 0.016027 0.0150841 -0.00651331 0.00700588 0.00408381 0.0146091
internal_weight=1.125e+06 278067 846933 77437 736175 200630 110758 168508 66627 39194 64173 38243 46585 53055 27205 669548 37100 44747 39233 153385 32122 26205 11989 19426 15123 12038 632448 7352 13572 28727
internal_count=1125000 278067 846933 77437 736175 200630 110758 168508 66627 39194 64173 38243 46585 53055 27205 669548 37100 44747 39233 153385 32122 26205 11989 19426 15123 12038 632448 7352 13572 28727
is_linear=0
shrinkage=0.1


Tree=21
num_leaves=31
num_cat=0
split_feature=5 0 0 1 0 4 1 1 1 4 1 0 4 0 4 1 1 0 0 4 0 4 0 0 4 0 4 1 4 0
split_gain=5909.71 918.611 798.542 146.457 119.679 79.8173 77.0302 60.2144 51.1873 45.8729 38.9588 36.9749 36.5394 34.8425 28.9435 27.0013 22.6922 34.9585 18.6255 12.7054 12.7014 10.3859 9.95708 8.71432 7.93453 6.79537 5.79845 5.35002 4.48657 3.52149
threshold=1.0000000180025095e-35 243.1352231368746 149.91895994542452 22.631219291631623 265.54131666192279 1.0000000180025095e-35 36.407878192161817 8.2297853843788289 5.8885767350607958 1.0000000180025095e-35 5.5557879182825234 499.4584250600696 1.0000000180025095e-35 37.279952665353022 1.0000000180025095e-35 6.5603256223508319 9.2716735048459658 402.01531791186449 492.16667056395062 1.0000000180025095e-35 27.903107903807804 1.0000000180025095e-35 18.958867754649308 492.16667056395062 1.0000000180025095e-35 14.108436749205056 1.0000000180025095e-35 27.024442340539231 1.0000000180025095e-35 46.274216359937704
decision_type=2 2 2 2 2 2 2 2 2 2 2 2 2 2 2 2 2 2 2 2 2 2 2 2 2 2 2 2 2 2
left_child=2 7 6 15 8 11 9 20 28 10 -1 -5 -10 26 -15 24 17 -6 -17 22 -2 -22 -8 -7 -3 -11 -9 -18 -4 -21
right_child=1 3 4 5 16 23 19 13 12 25 -12 -13 -14 14 -16 18 27 -19 -20 29 21 -23 -24 -25 -26 -27 -28 -29 -30 -31
leaf_value=0.0085939381876367869 0.038068843253904319 0.018441250756135879 0.0037567519825838121 0.011681840033434025 0.00075891728575440539 0.017745166708055031 0.0040159831762845944 0.028299340104102701 -0.0036447146803976916 0.018135224309988505 0.0031043417467685823 0.0072034367776228764 0.0031643347214710287 0.020022352735969407 0.02814795810187767 0.016553426279302005 -0.0051843471844591933 -0.0053835935775185728 0.011454607625063951 0.0091532125985999396 0.027861117272732796 0.036015288657055299 -0.0032482553712446537 0.012777886613230633 0.025752043022150485 0.010250261500031055 0.036800981894768763 -0.0059997922556481497 0.0091965050341517446 0.0021612489395478754
leaf_weight=17086 1850 9205 9943 21348 13288 4094 2144 4961 52378 1210 53120 135141 9277 27225 5225 13232 94831 30606 15623 1036 9861 1856 15736 25719 1770 11302 957 530823 1789 2364
leaf_count=17086 1850 9205 9943 21348 13288 4094 2144 4961 52378 1210 53120 135141 9277 27225 5225 13232 94831 30606 15623 1036 9861 1856 15736 25719 1770 11302 957 530823 1789 2364
internal_value=-7.17268e-11 0.012649 -0.00415295 0.00989453 -0.0053018 0.00871782 0.0040541 0.0246424 -0.00146813 0.0054345 0.00444034 0.00781437 -0.00262018 0.0226176 0.0213307 0.0153985 -0.005722 -0.00352408 0.0137928 -0.00131167 0.0303686 0.0291528 -0.0023772 0.01346 0.0196203 0.0110128 0.0296741 -0.00587619 0.00458625 0.00429174
internal_weight=1.125e+06 278067 846933 226132 742935 186302 103998 51935 73387 82718 70206 156489 61655 38368 32450 39830 669548 43894 28855 21280 13567 11717 17880 29813 10975 12512 5918 625654 11732 3400
internal_count=1125000 278067 846933 226132 742935 186302 103998 51935 73387 82718 70206 156489 61655 38368 32450 39830 669548 43894 28855 21280 13567 11717 17880 29813 10975 12512 5918 625654 11732 3400
is_linear=0
shrinkage=0.1


Tree=22
num_leaves=31
num_cat=0
split_feature=5 0 0 0 0 4 1 1 1 0 1 4 4 1 4 4 1 1 1 4 4 0 4 4 1 0 1 4 1 0
split_gain=4786.87 745.856 646.819 116.007 97.9718 72.2661 67.5275 63.7244 49.4154 47.0963 39.8415 35.8618 34.3157 29.6261 24.5564 20.6733 20.494 14.0111 13.6859 6.88751 6.58374 6.53024 36.295 6.04438 5.50323 4.81605 3.75433 3.26811 2.44618 1.41455
threshold=1.0000000180025095e-35 395.25623469657438 149.91895994542452 139.74452809196893 337.36869904462708 1.0000000180025095e-35 15.274614224192041 46.289303086253511 15.274614224192041 23.534849606518126 10.980537751685661 1.0000000180025095e-35 1.0000000180025095e-35 43.02815439987058 1.0000000180025095e-35 1.0000000180025095e-35 46.73334944630767 48.607278753326227 19.997346764138545 1.0000000180025095e-35 1.0000000180025095e-35 470.45223873665543 1.0000000180025095e-35 1.0000000180025095e-35 3.5365340935807028 27.903107903807804 46.289303086253511 1.0000000180025095e-35 8.2297853843788289 32.604683881243197
decision_type=2 2 2 2 2 2 2 2 2 2 2 2 2 2 2 2 2 2 2 2 2 2 2 2 2 2 2 2 2 2
left_child=2 3 7 13 6 8 14 9 24 23 19 -8 -11 15 -4 -2 -12 -10 28 -5 25 22 -6 -1 -3 -9 -20 -15 -7 -22
right_child=1 5 4 10 21 18 11 20 17 12 16 -13 -14 27 -16 -17 -18 -19 26 -21 29 -23 -24 -25 -26 -27 -28 -29 -30 -31
leaf_value=0.0089714545483692374 0.024426726338252391 0.016461063318037861 8.6874130903482914e-05 0.020383129057527347 -0.0053101210282299992 0.021233790366284942 -0.0048855333708573093 0.00065757233804901308 0.008253612884880376 0.002709594742701796 0.016180703971733084 0.001347541318490924 0.00862158591188073 0.01578757819671581 0.0068523901581998342 0.032087210556865559 0.010616285243035012 0.0061292480692877235 0.013760470728794761 0.026817295656289177 0.0074337401407042099 -0.0053723846747025603 0.0011671769813348038 0.014669428116131906 0.011787513532012418 -0.0046440650202716188 0.011051701377475055 0.022895674483964918 0.016056414307514099 0.0010633248533127402
leaf_weight=12292 22126 3234 35949 10415 57210 1496 60949 2096 43480 64310 27540 10878 11587 3861 6306 4190 8713 108570 6745 1980 439 561451 10192 2194 11405 9388 21195 777 2340 1692
leaf_count=12292 22126 3234 35949 10415 57210 1496 60949 2096 43480 64310 27540 10878 11587 3861 6306 4190 8713 108570 6745 1980 439 561451 10192 2194 11405 9388 21195 777 2340 1692
internal_value=-4.19564e-11 0.0113841 -0.00373766 0.0195618 -0.00477162 0.00810412 -0.00207549 0.00364869 0.00727097 0.00460943 0.0165167 -0.00394155 0.00361216 0.0243476 0.00109654 0.0256464 0.0148434 0.00673673 0.0124746 0.0214109 -0.00272917 -0.00526073 -0.00433067 0.00983445 0.01282 -0.00367644 0.0117056 0.0169784 0.0180755 0.00237567
internal_weight=1.125e+06 278067 846933 79602 742935 198465 114082 103998 166689 90383 48648 71827 75897 30954 42255 26316 36253 152050 31776 12395 13615 628853 67402 14486 14639 11484 27940 4638 3836 2131
internal_count=1125000 278067 846933 79602 742935 198465 114082 103998 166689 90383 48648 71827 75897 30954 42255 26316 36253 152050 31776 12395 13615 628853 67402 14486 14639 11484 27940 4638 3836 2131
is_linear=0
shrinkage=0.1


Tree=23
num_leaves=31
num_cat=0
split_feature=5 0 0 1 1 0 1 0 4 0 1 0 1 1 0 4 1 4 1 1 4 1 0 4 4 0 1 0 0 0
split_gain=3877.36 613.277 529.109 103.391 97.3388 57.6476 44.107 38.2131 37.7052 36.2353 32.6187 27.2939 22.8152 19.4865 25.3576 17.3121 17.1672 16.8318 15.2959 12.8084 10.4149 10.088 8.41138 6.05838 5.95639 35.4038 3.8447 3.83344 1.19146 0.670138
threshold=1.0000000180025095e-35 243.1352231368746 254.1656815360468 11.671965697192618 44.884285269711206 85.191059321447781 6.9111874288638404 492.16667056395062 1.0000000180025095e-35 94.974397187399418 47.683190163873981 27.903107903807804 47.213005563296171 6.5603256223508319 441.87024797080215 1.0000000180025095e-35 9.9541473246168 1.0000000180025095e-35 46.73334944630767 4.530515572885073 1.0000000180025095e-35 4.1936115663625531 23.534849606518126 1.0000000180025095e-35 1.0000000180025095e-35 477.39687087239992 46.289303086253511 499.4584250600696 402.01531791186449 265.54131666192279
decision_type=2 2 2 2 2 2 2 2 2 2 2 2 2 2 2 2 2 2 2 2 2 2 2 2 2 2 2 2 2 2
left_child=2 6 3 9 7 18 22 17 27 21 -7 26 -13 14 15 -4 -9 -3 -5 -11 -16 -1 -2 -24 29 -26 -8 -6 -10 -15
right_child=1 4 13 5 8 10 11 16 28 19 -12 12 -14 24 20 -17 -18 -19 -20 -21 -22 -23 23 -25 25 -27 -28 -29 -30 -31
leaf_value=0.010252439426058838 0.032903034310092942 0.012352547050916039 -0.00016193883020476602 0.0040616680713708485 0.0076687296207310343 -0.00073500005462900832 0.026998887264493638 0.012970384173239466 0.013386310145616712 0.0051735229135727598 -0.005919847566008574 0.018699183184817971 0.012008358538544532 -0.0036966997188215504 -0.0054313749743238934 0.010608735325173445 0.008154506078357885 0.018482703397242325 -0.0010005645622943181 0.0012444727301550013 0.00097050606817067244 0.0061915187673598059 0.023452983333564135 0.030124227940096268 0.00030853539544184217 -0.0048357411247040866 0.019524204658642998 0.00552020716022364 0.0099736128666623406 -0.0048808510514303195
leaf_weight=10211 1353 27409 10484 29375 8982 58647 3848 8953 1074 13988 15299 29540 6159 4822 16435 1740 42727 5354 7491 20393 3006 15258 8579 1618 15835 86232 838 110082 21551 537717
leaf_count=10211 1353 27409 10484 29375 8982 58647 3848 8953 1074 13988 15299 29540 6159 4822 16435 1740 42727 5354 7491 20393 3006 15258 8579 1618 15835 86232 838 110082 21551 537717
internal_value=-2.25111e-11 0.0102457 -0.00336389 0.00161165 0.00799508 -0.000197244 0.0200452 0.0106826 0.0063934 0.0049608 -0.00180772 0.0184867 0.0175448 -0.00461951 -0.00219756 0.00137119 0.0089888 0.0133543 0.00303305 0.00284302 -0.00444151 0.00781962 0.0254945 0.0245115 -0.00473848 -0.00403764 0.0256622 0.00568229 0.0101356 -0.00487033
internal_weight=1.125e+06 278067 846933 170662 226132 110812 51935 84443 141689 59850 73946 40385 35699 676271 31665 12224 51680 32763 36866 34381 19441 25469 11550 10197 644606 102067 4686 119064 22625 542539
internal_count=1125000 278067 846933 170662 226132 110812 51935 84443 141689 59850 73946 40385 35699 676271 31665 12224 51680 32763 36866 34381 19441 25469 11550 10197 644606 102067 4686 119064 22625 542539
is_linear=0
shrinkage=0.1


Tree=24
num_leaves=31
num_cat=0
split_feature=5 0 0 1 0 4 1 1 1 4 4 0 0 4 1 4 0 4 0 1 4 1 0 4 0 4 4 1 0 1
split_gain=3140.66 497.656 430.421 85.7839 76.3791 49.4773 47.0647 38.2557 34.6048 26.8348 26.1833 25.1208 22.3067 16.3224 14.7003 27.4593 14.2187 12.6023 11.3708 10.2695 9.47316 7.98511 7.84035 5.81758 4.77748 4.46328 4.13471 3.67582 2.77323 2.40858
threshold=1.0000000180025095e-35 231.66216653968007 134.76981242818351 17.806373038409195 259.70048576135378 1.0000000180025095e-35 6.5603256223508319 42.598077773313555 17.419682217116993 1.0000000180025095e-35 1.0000000180025095e-35 408.82488804754718 18.958867754649308 1.0000000180025095e-35 8.9417578334982792 1.0000000180025095e-35 51.02043124327782 1.0000000180025095e-35 85.191059321447781 5.1961684671537904 1.0000000180025095e-35 48.607278753326227 18.958867754649308 1.0000000180025095e-35 14.108436749205056 1.0000000180025095e-35 1.0000000180025095e-35 26.620312649764532 492.16667056395062 47.683190163873981
decision_type=2 2 2 2 2 2 2 2 2 2 2 2 2 2 2 2 2 2 2 2 2 2 2 2 2 2 2 2 2 2
left_child=2 8 6 17 7 11 22 10 16 12 -4 -5 -8 18 15 -6 26 19 -10 -3 -18 -7 -1 -24 -11 -9 -2 -16 -19 -15
right_child=1 3 4 5 14 21 9 25 13 24 -12 -13 -14 29 27 -17 20 28 -20 -21 -22 -23 23 -25 -26 -27 -28 -29 -30 -31
leaf_value=0.012095638590152896 0.024034417410022199 0.014334042370760009 -0.00071909004262000857 0.0094120001213354159 -0.0034511876693557354 0.01242341403030932 0.0060576421132860284 -0.0062837462069267732 0.017645391490771902 0.012638324371154173 0.0048573906669116939 0.0053587486658442278 0.00055231928650970854 0.022963414140112721 -0.0037218795777465927 0.0035956705206751961 0.018591836093789636 0.018985973753806736 0.012820481277372673 0.0099620049311740094 0.02477827766621311 0.0090101223867604368 0.0059311744961367307 0.010914925557077579 0.0059330644670799026 -0.0013515904089107082 0.031221311582391886 -0.0043949926337051469 0.014351428298047553 0.017381384106089959
leaf_weight=3140 5145 7486 55615 17051 36343 10066 8552 12347 7670 1189 9922 148110 52797 2986 95648 6522 15489 2501 13449 19030 2946 21478 15474 2760 9995 2155 948 534474 2669 1043
leaf_count=3140 5145 7486 55615 17051 36343 10066 8552 12347 7670 1189 9922 148110 52797 2986 95648 6522 15489 2501 13449 19030 2946 21478 15474 2760 9995 2155 948 534474 2669 1043
internal_value=-6.33124e-12 0.00922113 -0.0030275 0.00724815 -0.0038236 0.00647031 0.00335628 -0.00090325 0.0182922 0.00214101 0.000125163 0.0057772 0.00131976 0.0156856 -0.00417092 -0.00237899 0.0209646 0.0120769 0.0145728 0.0111963 0.0195805 0.0100993 0.00748033 0.00668554 0.00664592 -0.00555083 0.0251526 -0.00429282 0.0165934 0.0215184
internal_weight=1.125e+06 278067 846933 228391 753026 196705 93907 80039 49676 72533 65537 165161 61349 25148 672987 42865 24528 31686 21119 26516 18435 31544 21374 18234 11184 14502 6093 630122 5170 4029
internal_count=1125000 278067 846933 228391 753026 196705 93907 80039 49676 72533 65537 165161 61349 25148 672987 42865 24528 31686 21119 26516 18435 31544 21374 18234 11184 14502 6093 630122 5170 4029
is_linear=0
shrinkage=0.1


Tree=25
num_leaves=31
num_cat=0
split_feature=5 0 0 0 0 1 1 4 4 1 1 0 4 1 4 0 4 1 1 1 4 1 0 4 1 1 1 0 0 1
split_gain=2543.94 404.728 348.87 64.865 52.7344 49.7153 42.8945 40.4773 35.5656 28.3224 25.6319 22.1515 16.4501 16.065 15.0974 12.3949 12.3188 8.85162 8.5416 8.11558 5.60034 5.10307 4.89188 3.41899 26.4098 3.1756 3.12322 2.28523 2.10882 0.928258
threshold=1.0000000180025095e-35 395.25623469657438 149.91895994542452 119.76649817843155 343.36845950471792 37.708888892187268 25.411803539007593 1.0000000180025095e-35 1.0000000180025095e-35 9.9541473246168 14.53926368098538 37.279952665353022 1.0000000180025095e-35 44.432192976776214 1.0000000180025095e-35 18.958867754649308 1.0000000180025095e-35 48.142049189358758 13.44122752127412 48.607278753326227 1.0000000180025095e-35 2.9210869220821434 14.108436749205056 1.0000000180025095e-35 37.241774978905376 2.5971536299126865 46.289303086253511 32.604683881243197 23.534849606518126 35.142033136153387
decision_type=2 2 2 2 2 2 2 2 2 2 2 2 2 2 2 2 2 2 2 2 2 2 2 2 2 2 2 2 2 2
left_child=2 3 6 13 5 8 11 10 -4 21 25 22 -11 15 -13 -2 17 -8 -9 -12 -7 -5 -1 29 -25 -3 -20 -18 -15 -6
right_child=1 7 4 9 23 20 16 18 -10 12 19 14 -14 28 -16 -17 27 -19 26 -21 -22 -23 -24 24 -26 -27 -28 -29 -30 -31
leaf_value=0.0093256013634101503 0.024692347697109221 0.01266665511295733 -0.0011956027941276558 0.019541525740885544 -0.0041798736371086095 -0.00567670861252049 0.00033112968228967701 0.014766747314253956 0.0044242397354265816 0.010111574278595608 0.0060273129943310584 0.0023674242524360841 0.015570792061607684 0.016916864793598007 0.0071838257350659313 0.018326068215002232 0.0080951627692777712 -0.0032815186070842017 0.01034733350080614 0.004420031757499181 -0.0018112404708481413 0.01513153929370651 0.0059040981822675916 -0.00060087301559760961 -0.0042927985299581785 0.0086764475136562082 0.0080370299207879279 0.0031242508060737983 0.011055894325059643 -0.0038735763218483606
leaf_weight=6686 3634 2413 74640 3730 132086 25004 19105 2498 13262 33745 44206 43279 6599 774 7660 19303 1168 10515 8083 108570 4409 8849 11143 26400 72822 11500 21195 4442 2968 394312
leaf_count=6686 3634 2413 74640 3730 132086 25004 19105 2498 13262 33745 44206 43279 6599 774 7660 19303 1168 10515 8083 108570 4409 8849 11143 26400 72822 11500 21195 4442 2968 394312
internal_value=-4.69326e-11 0.00829902 -0.00272475 0.014323 -0.00348411 -0.00153852 0.00269988 0.00588285 -0.000347723 0.0122963 0.00525932 0.0041535 0.0110045 0.0183436 0.0030917 0.0193347 -0.000137549 -0.000951348 0.00915375 0.0048851 -0.00509728 0.0164392 0.00718719 -0.00384894 -0.00331049 0.00936849 0.00867485 0.00415919 0.0122682 -0.00395043
internal_weight=1.125e+06 278067 846933 79602 742935 117315 103998 198465 87902 52923 166689 68768 40344 26679 50939 22937 35230 29620 31776 152776 29413 12579 17829 625620 99222 13913 29278 5610 3742 526398
internal_count=1125000 278067 846933 79602 742935 117315 103998 198465 87902 52923 166689 68768 40344 26679 50939 22937 35230 29620 31776 152776 29413 12579 17829 625620 99222 13913 29278 5610 3742 526398
is_linear=0
shrinkage=0.1


Tree=26
num_leaves=31
num_cat=0
split_feature=5 0 0 1 1 0 1 0 4 4 4 1 0 0 1 1 4 4 4 4 1 0 1 4 1 4 0 0 0 1
split_gain=2060.59 333.84 285.339 61.6292 58.0619 36.4137 26.0137 24.6006 23.1898 20.2669 18.5706 16.7533 23.07 14.1438 13.6051 11.2637 10.6409 8.71138 8.43192 7.08343 6.98568 4.87336 4.86449 21.4514 4.10069 3.89783 3.07148 2.29032 1.75176 0.553447
threshold=1.0000000180025095e-35 231.66216653968007 231.66216653968007 8.9417578334982792 44.432192976776214 66.086964124052528 6.9111874288638404 492.16667056395062 1.0000000180025095e-35 1.0000000180025095e-35 1.0000000180025095e-35 6.5603256223508319 402.01531791186449 85.191059321447781 42.598077773313555 6.5603256223508319 1.0000000180025095e-35 1.0000000180025095e-35 1.0000000180025095e-35 1.0000000180025095e-35 2.9210869220821434 23.534849606518126 23.794668847602427 1.0000000180025095e-35 3.2130181627331393 1.0000000180025095e-35 23.534849606518126 421.98166853230646 506.96104555610299 0.65066894526553487
decision_type=2 2 2 2 2 2 2 2 2 2 2 2 2 2 2 2 2 2 2 2 2 2 2 2 2 2 2 2 2 2
left_child=2 6 3 13 7 17 21 15 -7 28 14 12 19 24 -8 -3 -9 -5 -14 -4 -15 29 23 -13 -1 -23 -12 -24 -6 -2
right_child=1 4 11 5 9 8 10 16 -10 -11 26 22 18 20 -16 -17 -18 -19 -20 -21 -22 25 27 -25 -26 -27 -28 -29 -30 -31
leaf_value=0.0085540995708842747 0.030629692061568726 0.014133319906348297 0.0012867935477070512 0.002286932277051183 0.0053804065622936039 -0.0017012761923527594 0.013767121764194513 0.0058892344898250452 0.003029995756183422 0.0073517031165750554 0.025321565631622817 -0.0034228861854989343 -0.0040063052265826527 0.0053443358051262664 0.0087411995975488436 0.0091946894872454773 0.0098172765805259552 0.0068214171455209917 0.0014846744113960243 0.0081210185009814601 0.0018811853571980338 0.017507606515032088 -0.004169574742938875 0.00068012759988602669 0.0054860245241466106 0.022971149970018756 0.017942197947097897 -0.0034874180083160375 0.0039884458549003373 0.024071373367286153
leaf_weight=7138 144 5497 10738 27212 9848 68356 25490 42751 12210 22846 628 82408 18059 8807 6829 28885 8223 5018 3309 1766 17200 8288 54546 15073 11179 1550 5538 503914 110341 1209
leaf_count=7138 144 5497 10738 27212 9848 68356 25490 42751 12210 22846 628 82408 18059 8807 6829 28885 8223 5018 3309 1766 17200 8288 54546 15073 11179 1550 5538 503914 110341 1209
internal_value=-5.37375e-11 0.00746912 -0.00245228 0.00139369 0.00585316 0.000152183 0.0148986 0.00791717 -0.000984239 0.00462147 0.0136646 -0.00332828 -0.00115959 0.0045531 0.0127051 0.00998428 0.0065229 0.00299292 -0.00315598 0.00225202 0.00305395 0.0191423 -0.00344027 -0.00278846 0.00668163 0.0183684 0.0186938 -0.00355405 0.0041025 0.0247694
internal_weight=1.125e+06 278067 846933 157120 228391 112796 49676 85356 80566 143035 38485 689813 33872 44324 32319 34382 50974 32230 21368 12504 26007 11191 655941 97481 18317 9838 6166 558460 120189 1353
internal_count=1125000 278067 846933 157120 228391 112796 49676 85356 80566 143035 38485 689813 33872 44324 32319 34382 50974 32230 21368 12504 26007 11191 655941 97481 18317 9838 6166 558460 120189 1353
is_linear=0
shrinkage=0.1


Tree=27
num_leaves=31
num_cat=0
split_feature=5 0 0 1 0 1 4 1 1 1 4 0 4 0 0 0 1 0 1 4 0 0 4 0 0 4 1 1 4 1
split_gain=1669.08 270.775 235.12 50.4257 40.8891 29.2391 27.968 24.1512 21.3336 15.9674 15.9138 14.4487 13.0786 12.5296 10.063 10.0249 9.59928 12.8807 7.08004 6.86944 6.17148 5.18815 3.98375 2.88411 2.6992 2.47828 2.33547 2.26979 2.16287 1.58984
threshold=1.0000000180025095e-35 226.2026057194868 134.76981242818351 15.623430805230267 259.70048576135378 21.895020442691667 1.0000000180025095e-35 42.598077773313555 4.530515572885073 4.8857293773712565 1.0000000180025095e-35 499.4584250600696 1.0000000180025095e-35 32.604683881243197 23.534849606518126 18.958867754649308 3.5365340935807028 395.25623469657438 45.808850890347323 1.0000000180025095e-35 492.16667056395062 492.16667056395062 1.0000000180025095e-35 18.958867754649308 70.795196139432349 1.0000000180025095e-35 46.73334944630767 4.1936115663625531 1.0000000180025095e-35 6.5603256223508319
decision_type=2 2 2 2 2 2 2 2 2 2 2 2 2 2 2 2 2 2 2 2 2 2 2 2 2 2 2 2 2 2
left_child=2 8 5 19 7 12 11 9 23 -4 13 -5 15 -10 26 -1 17 -6 -16 21 -8 -3 -18 -2 -12 -9 -7 -14 -25 -21
right_child=1 3 4 6 16 14 20 25 10 -11 24 -13 27 -15 18 -17 22 -19 -20 29 -22 -23 -24 28 -26 -27 -28 -29 -30 -31
leaf_value=0.0067925985557298289 0.024463882160303249 0.010068247390803267 0.003636631398839562 0.0062920574911000983 0.0035316601631111295 0.0053289769657017287 0.01051581616754995 -0.0048975749914228379 0.016339612841797076 -0.00054204595283034198 0.02010429794172032 0.0038054377147252261 0.010427482916297795 0.010965352571940241 0.00066267577239181234 0.0027051186586154285 -0.0032164887984441333 -0.0025155665061557786 -0.0025459308006527989 0.015032846364940828 0.0068099337244931293 0.0071001035216801834 -0.0025412044585437286 0.017025838421050737 0.015747242172120236 -0.0012223444329863718 0.0012025526722078727 0.0066232764877464968 0.021982431638825593 0.011244127981332504
leaf_weight=7021 719 11610 10986 28007 5059 4216 5395 12347 5087 54551 2071 141054 2072 29468 20491 41270 552565 11596 10351 1875 26899 11951 103767 5646 4536 2155 2033 6453 1043 2706
leaf_count=7021 719 11610 10986 28007 5059 4216 5395 12347 5087 54551 2071 141054 2072 29468 20491 41270 552565 11596 10351 1875 26899 11951 103767 5646 4536 2155 2033 6453 1043 2706
internal_value=-2.44271e-11 0.0067222 -0.00220705 0.00528663 -0.00279544 0.00251115 0.00473247 -0.000658699 0.0135054 0.000158428 0.0126163 0.00421738 0.00393686 0.0117565 0.000327242 0.00329939 -0.00304956 -0.000678706 -0.000414177 0.00925161 0.00742903 0.0085627 -0.00310973 0.0184456 0.017113 -0.00435144 0.00398652 0.00754789 0.0177987 0.0127948
internal_weight=1.125e+06 278067 846933 229497 753026 93907 201355 80039 48570 65537 41162 169061 56816 34555 37091 48291 672987 16655 30842 28142 32294 23561 656332 7408 6607 14502 6249 8525 6689 4581
internal_count=1125000 278067 846933 229497 753026 93907 201355 80039 48570 65537 41162 169061 56816 34555 37091 48291 672987 16655 30842 28142 32294 23561 656332 7408 6607 14502 6249 8525 6689 4581
is_linear=0
shrinkage=0.1


Tree=28
num_leaves=31
num_cat=0
split_feature=5 0 0 1 1 0 4 1 1 1 0 0 4 1 4 4 0 1 4 0 0 4 4 4 0 4 4 4 4 0
split_gain=1351.95 219.562 190.447 36.2718 34.7657 45.8325 32.1506 25.6501 22.9609 16.7462 15.5271 14.5415 12.7193 11.2912 10.9591 9.16142 6.24893 4.34547 16.67 9.09114 4.05295 3.37822 3.37333 2.99875 2.92239 2.7971 1.72832 0.853886 0.564038 0.504472
threshold=1.0000000180025095e-35 254.1656815360468 134.76981242818351 47.213005563296171 17.06261805620775 455.77431029686039 1.0000000180025095e-35 6.5603256223508319 45.345711316640113 8.5880882513230521 80.447346599252143 23.534849606518126 1.0000000180025095e-35 45.808850890347323 1.0000000180025095e-35 1.0000000180025095e-35 14.108436749205056 40.315135816956364 1.0000000180025095e-35 421.98166853230646 18.958867754649308 1.0000000180025095e-35 1.0000000180025095e-35 1.0000000180025095e-35 75.688736751726523 1.0000000180025095e-35 1.0000000180025095e-35 1.0000000180025095e-35 1.0000000180025095e-35 506.96104555610299
decision_type=2 2 2 2 2 2 2 2 2 2 2 2 2 2 2 2 2 2 2 2 2 2 2 2 2 2 2 2 2 2
left_child=2 8 7 9 5 6 -4 20 10 21 16 23 29 -13 -11 -12 -2 18 -6 -19 27 -3 -7 -9 28 -22 -26 -1 -10 -5
right_child=1 3 4 12 17 22 -8 11 24 14 15 13 -14 -15 -16 -17 -18 19 -20 -21 25 -23 -24 -25 26 -27 -28 -29 -30 -31
leaf_value=0.0079492946555101158 0.019536833759694207 0.0087530816273932131 -0.00018201808003602516 0.003991867229715158 -0.0028065967180109768 -0.0035750723517438939 0.0058823111307858764 0.0037851322648698874 0.0091597646749870028 0.0051168923440347265 0.010545474172576182 0.0013400936508020423 0.0058655451559834447 -0.0022913377535509179 0.0084272492544188345 0.015257940087678348 0.01426700058441214 -0.0044066078370389224 -4.1694077170347502e-05 -0.0028329248823781446 0.0042100569755173815 0.012992913215022842 -0.0013339608861176666 0.0080387800015471397 0.0048371201717924894 0.007665779511646733 0.0095166142890262487 0.012659987966781007 0.013461174762798784 0.0031730004153416001
leaf_weight=2691 2723 11752 59165 8094 137922 43341 10258 10674 1931 61436 25490 49546 21801 10351 11945 4922 12958 40151 25901 428340 15474 2237 7948 1962 4764 2760 946 449 362 106706
leaf_count=2691 2723 11752 59165 8094 137922 43341 10258 10674 1931 61436 25490 49546 21801 10351 11945 4922 12958 40151 25901 428340 15474 2237 7948 1962 4764 2760 946 449 362 106706
internal_value=-2.06777e-11 0.00604998 -0.00198634 0.00466899 -0.00251589 -0.000960782 0.000714052 0.00226003 0.0117676 0.00626023 0.0126261 0.00136287 0.00365124 0.000712534 0.00565575 0.0113082 0.0151821 -0.00281277 -0.00236946 -0.00296779 0.00530457 0.00943108 -0.00322778 0.0044456 0.00682334 0.00473313 0.00561239 0.00862289 0.00983884 0.00323073
internal_weight=1.125e+06 278067 846933 223971 753026 120712 69423 93907 54096 87370 46093 72533 136601 59897 73381 30412 15681 632314 163823 468491 21374 13989 51289 12636 8003 18234 5710 3140 2293 114800
internal_count=1125000 278067 846933 223971 753026 120712 69423 93907 54096 87370 46093 72533 136601 59897 73381 30412 15681 632314 163823 468491 21374 13989 51289 12636 8003 18234 5710 3140 2293 114800
is_linear=0
shrinkage=0.1


Tree=29
num_leaves=31
num_cat=0
split_feature=5 0 0 1 0 4 0 4 1 1 1 1 1 0 4 0 4 1 1 1 4 1 0 4 1 4 4 4 1 1
split_gain=1095.08 181.898 156.975 40.8518 30.3671 26.9439 24.3866 17.4048 15.426 12.4291 9.38004 8.47652 7.08223 9.1761 6.88039 6.00096 5.33157 4.83592 4.1344 3.8921 3.03562 2.85989 2.38194 24.4721 1.86013 1.78488 1.55133 1.51299 1.51153 1.02248
threshold=1.0000000180025095e-35 395.25623469657438 259.70048576135378 5.5557879182825234 119.76649817843155 1.0000000180025095e-35 99.901743199024779 1.0000000180025095e-35 35.538194315256142 10.613016123657678 4.530515572885073 5.1961684671537904 3.5365340935807028 395.25623469657438 1.0000000180025095e-35 66.086964124052528 1.0000000180025095e-35 46.73334944630767 19.997346764138545 48.607278753326227 1.0000000180025095e-35 1.6232680226368095 477.39687087239992 1.0000000180025095e-35 27.827924874886023 1.0000000180025095e-35 1.0000000180025095e-35 1.0000000180025095e-35 2.5971536299126865 49.126168467743042
decision_type=2 2 2 2 2 2 2 2 2 2 2 2 2 2 2 2 2 2 2 2 2 2 2 2 2 2 2 2 2 2
left_child=2 4 3 15 10 6 -5 9 11 28 27 -6 13 25 -12 26 -15 -7 -9 -11 -10 -17 23 -14 -24 -4 -1 -2 -3 -20
right_child=1 7 12 5 8 17 -8 18 20 19 14 -13 22 16 -16 21 -18 -19 29 -21 -22 -23 24 -25 -26 -27 -28 -29 -30 -31
leaf_value=0.0058001768159790905 0.015620649971214146 0.0090059638621693954 0.0023445043886468498 0.0013688025660999678 0.012408472903407436 0.0040808403820884699 -0.0015366330429844987 0.0090484766435812748 0.0047679196923446944 0.003946725337781727 0.010625091340665686 0.0084828901285023198 -0.0027379116243326299 -0.0029270944447065913 0.015437216737911541 0.0050352347494314782 0.0029325074211166559 0.00011035487454615345 0.0065416208390806337 0.0028658403203458051 0.0085806178021781698 0.0025211203355106123 -0.0030751527053979543 0.0014665834400275036 -0.0025421316014925871 0.0077175962544895962 0.0095047271051089486 0.020705116601201726 0.0061352042930266915 0.0051793094655037649
leaf_weight=7942 3794 2413 4338 47407 6682 18185 73956 3836 12628 48061 18659 31111 91506 9749 3534 6486 1847 3690 7549 108570 2502 14962 76003 16311 472512 721 1318 692 7645 20391
leaf_count=7942 3794 2413 4338 47407 6682 18185 73956 3836 12628 48061 18659 31111 91506 9749 3534 6486 1847 3690 7549 108570 2502 14962 76003 16311 472512 721 1318 692 7645 20391
internal_value=3.76405e-12 0.00544499 -0.00178771 0.000890142 0.00948348 0.000180573 -0.000401707 0.00382519 0.00809672 0.00341632 0.0122344 0.00917695 -0.00247985 -0.000443414 0.0113914 0.00419994 -0.00199378 0.00341108 0.00597004 0.0031975 0.00539841 0.0032814 -0.00253153 -0.00210184 -0.00261599 0.00311027 0.00632746 0.016405 0.00682392 0.00554739
internal_weight=1.125e+06 278067 846933 173946 79602 143238 121363 198465 52923 166689 26679 37793 672987 16655 22193 30708 11596 21875 31776 156631 15130 21448 656332 107817 548515 5059 9260 4486 10058 27940
internal_count=1125000 278067 846933 173946 79602 143238 121363 198465 52923 166689 26679 37793 672987 16655 22193 30708 11596 21875 31776 156631 15130 21448 656332 107817 548515 5059 9260 4486 10058 27940
is_linear=0
shrinkage=0.1


Tree=30
num_leaves=31
num_cat=0
split_feature=5 0 0 1 0 1 4 1 1 4 0 0 0 1 0 1 1 4 1 1 1 4 1 4 0 4 1 0 0 4
split_gain=887.016 147.896 128.171 28.0403 35.4228 27.9331 25.0888 16.5103 15.1016 11.8448 9.75633 7.58808 7.10655 6.25093 5.80136 5.30186 4.96583 4.77266 4.47941 3.99606 3.98866 3.22521 3.17912 11.7291 8.98332 2.25154 1.61045 1.50349 1.35441 1.20144
threshold=1.0000000180025095e-35 226.2026057194868 119.76649817843155 18.518677910115919 455.77431029686039 28.206274442567771 1.0000000180025095e-35 15.623430805230267 26.225247644025735 1.0000000180025095e-35 484.77604655912592 27.903107903807804 18.958867754649308 2.9210869220821434 9.1786832152300537 45.808850890347323 4.1936115663625531 1.0000000180025095e-35 47.683190163873981 9.2716735048459658 49.126168467743042 1.0000000180025095e-35 41.689595352985286 1.0000000180025095e-35 421.98166853230646 1.0000000180025095e-35 48.142049189358758 492.16667056395062 23.534849606518126 1.0000000180025095e-35
decision_type=2 2 2 2 2 2 2 2 2 2 2 2 2 2 2 2 2 2 2 2 2 2 2 2 2 2 2 2 2 2
left_child=2 8 7 4 6 10 -4 14 11 20 17 29 26 -13 -1 -14 -16 -3 21 -12 -7 -10 23 -5 -24 -6 -9 -11 -20 -2
right_child=1 5 3 22 25 9 -8 12 18 27 19 13 15 -15 16 -17 -18 -19 28 -21 -22 -23 24 -25 -26 -27 -28 -29 -30 -31
leaf_value=0.0076633619874862252 0.014383153560857119 0.0067019979163045239 -0.00010417513799969847 -0.0022884396697203492 -0.0029166265263824527 0.0037940510212714517 0.0048812970731864427 0.004566194323547353 0.007994746929946013 0.0070374560284356489 0.0064220157261702581 0.014212929940816327 0.0009142467613545718 0.0099588940421949726 0.0049195310340993054 -0.0018366267890262999 0.0024263612436569303 0.01047067289976125 0.0096417040114023141 0.0038284924425000394 0.0025849851145194535 0.012848397118748717 -0.0038757847935107083 1.3539383925875514e-05 -0.0022989241262911459 -0.0011678133301142577 0.00084930772014408335 0.0048360811364136546 0.0048547074290655086 0.018969474188852795
leaf_weight=3187 3597 20375 68321 139711 47330 36038 11844 5255 8868 3548 8449 4049 27496 23512 11695 9402 25210 4024 661 20013 112341 1619 39516 26301 421449 8718 1498 24709 5585 679
leaf_count=3187 3597 20375 68321 139711 47330 36038 11844 5255 8868 3548 8449 4049 27496 23512 11695 9402 25210 4024 661 20013 112341 1619 39516 26301 421449 8718 1498 24709 5585 679
internal_value=1.1222e-11 0.00490049 -0.00160894 -0.00201644 -0.000715998 0.00383953 0.000632405 0.00210481 0.00991361 0.003236 0.00585623 0.011192 0.000759153 0.0105839 0.00356993 0.000213295 0.00321643 0.00732355 0.00748136 0.00459838 0.00287864 0.00874406 -0.00229897 -0.00192374 -0.0024341 -0.00264461 0.00374169 0.00511249 0.0053613 0.0151114
internal_weight=1.125e+06 278067 846933 763190 136213 229497 80165 83743 48570 176636 52861 31837 43651 27561 40092 36898 36905 24399 16733 28462 148379 10487 626977 166012 460965 56048 6753 28257 6246 4276
internal_count=1125000 278067 846933 763190 136213 229497 80165 83743 48570 176636 52861 31837 43651 27561 40092 36898 36905 24399 16733 28462 148379 10487 626977 166012 460965 56048 6753 28257 6246 4276
is_linear=0
shrinkage=0.1


Tree=31
num_leaves=31
num_cat=0
split_feature=5 0 0 1 0 0 4 4 1 1 1 1 1 4 4 1 0 4 4 1 4 1 0 0 0 1 4 0 1 1
split_gain=718.483 120.812 106.228 29.8259 21.4026 14.6595 11.8144 11.1996 10.3859 8.93019 8.43687 7.88401 7.2461 6.83044 5.62333 5.38644 8.07209 5.04006 3.96504 3.10757 2.75082 2.32847 1.94036 1.87056 1.78121 1.26289 10.9833 3.17739 1.16802 0.969673
threshold=1.0000000180025095e-35 402.01531791186449 259.70048576135378 24.613214232737263 154.95007912577321 66.086964124052528 1.0000000180025095e-35 1.0000000180025095e-35 3.5365340935807028 38.135231870690994 46.73334944630767 10.283475171466646 48.142049189358758 1.0000000180025095e-35 1.0000000180025095e-35 5.8885767350607958 441.87024797080215 1.0000000180025095e-35 1.0000000180025095e-35 15.274614224192041 1.0000000180025095e-35 48.607278753326227 55.960329028050701 356.19800766258339 18.958867754649308 26.225247644025735 1.0000000180025095e-35 408.82488804754718 2.2673636504417884 49.126168467743042
decision_type=2 2 2 2 2 2 2 2 2 2 2 2 2 2 2 2 2 2 2 2 2 2 2 2 2 2 2 2 2 2
left_child=2 4 3 5 9 18 11 12 -7 13 14 28 -5 -2 -6 16 17 -4 -1 -8 -18 -13 -9 -12 -11 26 -17 -27 -3 -21
right_child=1 6 15 7 10 8 19 22 -10 24 23 21 -14 -15 -16 25 20 -19 -20 29 -22 -23 -24 -25 -26 27 -28 -29 -30 -31
leaf_value=0.0031507432891501341 0.0096763400409162585 0.0076429615994556338 0.00063417684885409484 -0.0006634120652315059 0.0063821522801742444 0.0035242150494158627 0.0080229568437408701 0.0047960506887981527 0.00050650095195831871 0.010593107838281789 0.0026820796373036699 0.0031503050036672826 -0.0030736803494695293 0.013972666242462123 0.0096803613291933238 -0.0021947974111812206 -0.002512894623418986 0.0068598747525269637 0.006343059442428807 0.0054422405378235297 0.00095781399792465877 0.0023126179816231377 0.0014049185623596647 0.00633151576423625 0.0056124614449218763 -0.0030056046605287014 0.00059199361511185454 -0.0020707837087067995 0.0049493331474594502 0.004166464312171209
leaf_weight=25983 23136 2048 8929 36302 31955 13878 2812 2133 63997 822 6772 47825 19002 4405 6167 91676 14719 1522 4576 8424 2703 108379 8075 1772 5677 39226 16722 497490 7524 20349
leaf_count=25983 23136 2048 8929 36302 31955 13878 2812 2133 63997 822 6772 47825 19002 4405 6167 91676 14719 1522 4576 8424 2703 108379 8075 1772 5677 39226 16722 497490 7524 20349
internal_value=-2.71523e-11 0.00441044 -0.00144805 0.000754836 0.00766999 0.00177265 0.00307753 -0.000929823 0.00104428 0.0095767 0.00627915 0.00273981 -0.00149156 0.0103635 0.0069157 -0.00201742 -0.000656371 0.00154084 0.00362877 0.00485007 -0.00197442 0.00256909 0.00211351 0.00343896 0.00624242 -0.00207623 -0.00176489 -0.00213911 0.00552565 0.00453998
internal_weight=1.125e+06 278067 846933 173946 80706 108434 197361 65512 77875 34040 46666 165776 55304 27541 38122 672987 27873 10451 30559 31585 17422 156204 10208 8544 6499 645114 108398 536716 9572 28773
internal_count=1125000 278067 846933 173946 80706 108434 197361 65512 77875 34040 46666 165776 55304 27541 38122 672987 27873 10451 30559 31585 17422 156204 10208 8544 6499 645114 108398 536716 9572 28773
is_linear=0
shrinkage=0.1


Tree=32
num_leaves=31
num_cat=0
split_feature=5 0 0 1 0 1 4 1 1 4 0 0 4 0 4 1 0 4 0 0 0 0 1 1 4 4 0 1 4 4
split_gain=581.971 98.6462 87.4138 19.6977 20.8078 19.3786 12.0283 11.3555 10.9047 10.4006 6.26637 6.25882 5.63509 5.3599 4.98305 3.78756 3.67469 9.34407 3.59639 3.29287 2.7019 2.5398 2.35388 2.31311 1.73946 1.47551 1.13711 0.937511 0.877793 0.640477
threshold=1.0000000180025095e-35 226.2026057194868 114.78451714929174 12.725483829070271 455.77431029686039 14.53926368098538 1.0000000180025095e-35 10.980537751685661 9.9541473246168 1.0000000180025095e-35 18.958867754649308 14.108436749205056 1.0000000180025095e-35 499.4584250600696 1.0000000180025095e-35 3.2130181627331393 276.99197801532733 1.0000000180025095e-35 9.1786832152300537 70.795196139432349 441.87024797080215 499.4584250600696 3.2130181627331393 2.9210869220821434 1.0000000180025095e-35 1.0000000180025095e-35 646.20680356821993 46.289303086253511 1.0000000180025095e-35 1.0000000180025095e-35
decision_type=2 2 2 2 2 2 2 2 2 2 2 2 2 2 2 2 2 2 2 2 2 2 2 2 2 2 2 2 2 2
left_child=2 7 8 4 6 15 -4 19 18 13 27 28 -12 -7 -13 26 17 -5 29 24 -11 -17 -20 -21 -2 -6 -3 -9 -10 -1
right_child=1 5 3 16 25 9 -8 10 11 20 12 14 -14 -15 -16 21 -18 -19 22 23 -22 -23 -24 -25 -26 -27 -28 -29 -30 -31
leaf_value=0.0066317188909004888 0.011361052482897576 0.0090545957651406699 0.00030914119991195063 -0.0016241448125295579 -0.0023886435542513924 0.0037039844772360792 0.0043869012023452485 0.012543508940032181 0.0034173095588520305 0.006664428353499824 0.0059322375421059677 0.00017262250778245664 0.0097068046517520441 0.0022085583850976532 0.0030224823640565422 0.0061470303959481713 -0.001901091353670544 0.0016282861806308721 0.0044612194379066794 0.011492467435560982 0.0040422202890049164 0.0039213543199820844 0.0024117572261774531 0.0082134344817340298 0.016168022141660337 -0.00064553706649151396 0.0060891662863561914 0.008004147429749071 0.0066077471214888205 0.011379165232369204
leaf_weight=1873 5039 3556 48985 57729 31599 28838 8487 2124 5492 4569 24598 39851 4713 141919 7252 10303 603648 10429 8681 2995 28074 10206 15811 7637 885 5738 2032 579 1023 335
leaf_count=1873 5039 3556 48985 57729 31599 28838 8487 2124 5492 4569 24598 39851 4713 141919 7252 10303 603648 10429 8681 2995 28074 10206 15811 7637 885 5738 2032 579 1023 335
internal_value=3.41721e-11 0.00396939 -0.00130324 -0.00163208 -0.000282757 0.00310291 0.000911312 0.0080636 0.00183544 0.00277376 0.00696402 0.0010132 0.00653916 0.00246111 0.000611388 0.0056683 -0.0018225 -0.00112648 0.00348664 0.0101898 0.00440925 0.00503946 0.00313817 0.00913713 0.0120792 -0.00212076 0.00797626 0.0115711 0.00391828 0.00735201
internal_weight=1.125e+06 278067 846933 766615 94809 229497 57472 48570 80318 203400 32014 53618 29311 170757 47103 26097 671806 68158 26700 16556 32643 20509 24492 10632 5924 37337 5588 2703 6515 2208
internal_count=1125000 278067 846933 766615 94809 229497 57472 48570 80318 203400 32014 53618 29311 170757 47103 26097 671806 68158 26700 16556 32643 20509 24492 10632 5924 37337 5588 2703 6515 2208
is_linear=0
shrinkage=0.1


Tree=33
num_leaves=31
num_cat=0
split_feature=5 0 0 1 1 0 1 1 4 0 1 0 4 0 0 4 1 4 1 0 1 0 4 0 4 4 4 1 0 0
split_gain=471.397 79.9034 70.8052 16.7721 15.7085 11.4994 9.54229 9.48246 8.4355 6.82881 8.87469 6.66562 5.07981 4.70134 4.4896 3.77099 3.32728 3.10735 3.02883 2.73491 2.32504 2.03775 1.85717 1.1525 1.10649 1.01893 0.978472 0.965543 0.797244 0.792252
threshold=1.0000000180025095e-35 226.2026057194868 114.78451714929174 4.8857293773712565 14.168824019439741 402.01531791186449 43.02815439987058 22.631219291631623 1.0000000180025095e-35 259.70048576135378 47.683190163873981 14.108436749205056 1.0000000180025095e-35 27.903107903807804 499.4584250600696 1.0000000180025095e-35 47.683190163873981 1.0000000180025095e-35 2.5971536299126865 14.108436749205056 44.432192976776214 492.16667056395062 1.0000000180025095e-35 14.108436749205056 1.0000000180025095e-35 1.0000000180025095e-35 1.0000000180025095e-35 40.315135816956364 382.32563257530609 9.1786832152300537
decision_type=2 2 2 2 2 2 2 2 2 2 2 2 2 2 2 2 2 2 2 2 2 2 2 2 2 2 2 2 2 2
left_child=2 7 6 5 18 22 11 13 14 10 -5 24 -13 29 -6 -15 19 -7 28 -9 -10 -20 -4 -8 -1 -25 -18 -11 -3 -2
right_child=1 4 3 9 8 17 23 16 20 27 -12 12 -14 15 -16 -17 26 -19 21 -21 -22 -23 -24 25 -26 -27 -28 -29 -30 -31
leaf_value=0.0042467483420230078 0.013666604412614629 0.009309832094710287 0.0018117734511882461 -0.00023850168964897195 0.0033506578953927065 -0.0019948157108635465 0.0017331705850244111 0.012175799082498396 0.0052535111321767797 -0.0014960441638391187 -0.0030714520768869782 0.0013480978011582304 0.0039172848829738842 0.0073644148776043491 0.001987820087242389 0.010706235027012788 0.0031001511103991089 0.001864424046585509 0.0056271551162672753 0.0060916798499669658 0.0034174901706080524 0.0036515572163305096 0.0045182231487564664 -0.0017347368219132121 0.0074089318444890383 0.00092815894723542898 0.0064861779954077858 -0.0017610259118208682 0.0065190919467471757 0.010635987129735317
leaf_weight=7155 1277 1559 17362 67277 29123 13315 1416 785 9875 197558 13233 50764 9071 21018 142199 4023 5226 2474 10319 12563 22873 10568 2969 8889 1309 1714 1020 452427 2981 2658
leaf_count=7155 1277 1559 17362 67277 29123 13315 1416 785 9875 197558 13233 50764 9071 21018 142199 4023 5226 2474 10319 12563 22873 10568 2969 8889 1309 1714 1020 452427 2981 2658
internal_value=-1.71617e-11 0.00357246 -0.00117292 -0.00146887 0.00279262 0.000634613 0.0016519 0.00725724 0.00250058 -0.00157288 -0.000704139 0.00210914 0.00173759 0.00840624 0.00221949 0.0079013 0.00555808 -0.00139011 0.00513642 0.00644949 0.00397113 0.00462758 0.002207 -0.000946422 0.0047358 -0.00130427 0.0036531 -0.00168049 0.00747741 0.0116195
internal_weight=1.125e+06 278067 846933 766615 229497 36120 80318 48570 204070 730495 80510 68299 59835 28976 171322 25041 19594 15789 25427 13348 32748 20887 20331 12019 8464 10603 6246 649985 4540 3935
internal_count=1125000 278067 846933 766615 229497 36120 80318 48570 204070 730495 80510 68299 59835 28976 171322 25041 19594 15789 25427 13348 32748 20887 20331 12019 8464 10603 6246 649985 4540 3935
is_linear=0
shrinkage=0.1


Tree=34
num_leaves=31
num_cat=0
split_feature=5 0 0 1 1 0 0 1 4 0 4 0 1 1 1 0 4 0 1 1 0 1 0 1 1 0 0 4 1 0
split_gain=381.831 65.246 57.3522 13.6993 13.4812 9.08915 8.32292 8.30339 6.55966 5.99663 8.39046 5.24436 5.2026 4.24933 3.5078 3.35196 3.3134 2.46883 2.40588 2.32383 1.64681 1.51489 1.49136 1.17491 0.955051 0.937198 0.78448 0.771981 0.678021 0.432435
threshold=1.0000000180025095e-35 395.25623469657438 114.78451714929174 4.1936115663625531 7.9088781355731905 368.57110927176376 94.974397187399418 6.5603256223508319 1.0000000180025095e-35 259.70048576135378 1.0000000180025095e-35 27.903107903807804 48.142049189358758 10.613016123657678 45.345711316640113 70.795196139432349 1.0000000180025095e-35 14.108436749205056 12.008678236001183 2.9210869220821434 4.4963213897204932 48.607278753326227 18.958867754649308 1.6232680226368095 2.5971536299126865 484.77604655912592 630.42903215913066 1.0000000180025095e-35 50.598730019893615 492.16667056395062
decision_type=2 2 2 2 2 2 2 2 2 2 2 2 2 2 2 2 2 2 2 2 2 2 2 2 2 2 2 2 2 2
left_child=2 4 7 5 15 24 17 22 13 10 -5 20 -8 26 -13 27 -7 -6 29 -17 -9 -15 -1 -24 -4 -11 -3 -2 -20 -10
right_child=1 8 3 9 6 16 12 11 18 25 -12 14 -14 21 -16 19 -18 -19 28 -21 -22 -23 23 -25 -26 -27 -28 -29 -30 -31
leaf_value=0.0053294622684620088 0.0098817932797881924 0.0050555575841150025 0.0029483630045791412 -0.0010309447951123707 0.010012446836326416 -0.0017103430198155594 0.0048070888781309874 0.0049458252330643084 0.009436565773540519 -0.001243745934410211 0.0017866883550325023 0.00080882591191499078 0.0021690202496509182 0.0023335623059085541 -0.0014613826076929209 0.008991775344330993 0.0024195841293270081 0.0064370733543941006 0.0040147317364551014 0.0062323521389012889 0.0020961983351907138 0.0016592239159910855 0.0044070700951232399 0.0024184438354008931 0.0013741294951962742 -0.0015641573586619797 0.0032569405602474923 0.013535995072570306 0.0029920118358973975 0.0060178751464316071
leaf_weight=3140 3827 4080 10192 69810 2267 12473 37435 2416 470 109718 12454 38474 9341 48061 8269 4890 2301 13042 9598 8119 12628 108570 4022 11369 6197 543470 5978 681 19969 1739
leaf_count=3140 3827 4080 10192 69810 2267 12473 37435 2416 470 109718 12454 38474 9341 48061 8269 4890 2301 13042 9598 8119 12628 108570 4022 11369 6197 543470 5978 681 19969 1739
internal_value=2.56516e-11 0.00321521 -0.00105563 -0.00132198 0.00563391 0.000731622 0.00494265 0.00148671 0.0022451 -0.001409 -0.000604381 0.00092988 0.00428028 0.00199408 0.000407218 0.00808391 -0.00106712 0.00696652 0.00356184 0.0072696 0.00255384 0.00186614 0.00334332 0.00293811 0.00235311 -0.00151034 0.00398654 0.0104338 0.00332401 0.00674526
internal_weight=1.125e+06 278067 846933 766615 79602 31163 62085 80318 198465 735452 82264 61787 46776 166689 46743 17517 14774 15309 31776 13009 15044 156631 18531 15391 16389 653188 10058 4508 29567 2209
internal_count=1125000 278067 846933 766615 79602 31163 62085 80318 198465 735452 82264 61787 46776 166689 46743 17517 14774 15309 31776 13009 15044 156631 18531 15391 16389 653188 10058 4508 29567 2209
is_linear=0
shrinkage=0.1


Tree=35
num_leaves=31
num_cat=0
split_feature=5 0 0 1 0 4 1 1 1 4 0 1 4 4 4 4 0 0 1 0 0 0 1 0 4 4 0 1 1 1
split_gain=309.283 53.5454 46.4553 11.9298 20.0968 20.5514 10.5861 7.12765 7.06428 5.72144 5.47442 3.87618 3.70319 3.32842 2.81314 2.65394 2.35139 2.22095 2.10584 1.15067 0.963565 0.954488 0.935294 8.4128 5.49177 0.736637 0.695414 0.662561 0.327851 0.307118
threshold=1.0000000180025095e-35 226.2026057194868 114.78451714929174 22.26436678502127 470.45223873665543 1.0000000180025095e-35 48.607278753326227 15.623430805230267 4.530515572885073 1.0000000180025095e-35 492.16667056395062 47.683190163873981 1.0000000180025095e-35 1.0000000180025095e-35 1.0000000180025095e-35 1.0000000180025095e-35 4.4963213897204932 37.279952665353022 3.5365340935807028 18.958867754649308 14.108436749205056 14.108436749205056 44.432192976776214 408.82488804754718 1.0000000180025095e-35 1.0000000180025095e-35 330.88902516813386 2.5971536299126865 0.65066894526553487 3.5365340935807028
decision_type=2 2 2 2 2 2 2 2 2 2 2 2 2 2 2 2 2 2 2 2 2 2 2 2 2 2 2 2 2 2
left_child=2 8 7 4 5 -4 10 15 19 11 12 -10 -3 16 26 17 -9 -1 -12 28 -11 -15 24 -24 -5 -21 -8 -17 -2 -6
right_child=1 6 3 22 29 -7 14 13 9 20 18 -13 -14 21 -16 27 -18 -19 -20 25 -22 -23 23 -25 -26 -27 -28 -29 -30 -31
leaf_value=0.003133062884077914 0.0173980094665084 0.003569686167261465 -0.00013841515049057193 -0.0014437246683080608 -0.0012611104745087276 0.0039037264413145155 -8.1807810381058914e-05 0.0042271314234623844 0.0053300268958584064 0.012962972526359508 0.004988298566385798 0.0023738944018349586 0.0062679059265271968 0.0057317739060027129 0.0027341000655611474 0.0064594896559031362 -0.0001096333711569146 0.0013871630221751656 0.0023105392143339116 0.0078932585782377756 0.0077951391764142898 0.0020542834873785269 -0.0029899550812367351 -0.0013464346163521747 0.00017314287841089656 0.010785901907920012 0.0015255192410437784 0.0037657688880256644 0.011612901150561641 -0.0018684701903746307
leaf_weight=10946 117 31077 84271 132782 9749 14785 2759 1298 29329 383 3104 5226 6082 805 21501 1137 33977 21792 54539 5646 6224 5726 33710 409342 24955 1043 110435 4637 602 57021
leaf_count=10946 117 31077 84271 132782 9749 14785 2759 1298 29329 383 3104 5226 6082 805 21501 1137 33977 21792 54539 5646 6224 5726 33710 409342 24955 1043 110435 4637 602 57021
internal_value=-2.46286e-11 0.00289369 -0.000950063 -0.00118979 -0.00043892 0.000464911 0.0022553 0.00133804 0.0059101 0.00539848 0.00306486 0.00488295 0.00401132 0.000433878 0.00168552 0.00231953 4.99448e-05 0.00197091 0.00245473 0.00875291 0.00809471 0.00250756 -0.00139704 -0.00147148 -0.00118793 0.0083443 0.00148634 0.00429621 0.0125543 -0.00177979
internal_weight=1.125e+06 278067 846933 766615 165826 99056 229497 80318 48570 41162 94802 34555 37159 41806 134695 38512 35275 32738 57643 7408 6607 6531 600789 443052 157737 6689 113194 5774 719 66770
internal_count=1125000 278067 846933 766615 165826 99056 229497 80318 48570 41162 94802 34555 37159 41806 134695 38512 35275 32738 57643 7408 6607 6531 600789 443052 157737 6689 113194 5774 719 66770
is_linear=0
shrinkage=0.1


Tree=36
num_leaves=31
num_cat=0
split_feature=5 0 0 1 0 1 1 1 4 0 4 1 1 0 4 4 1 0 0 4 4 2 0 1 4 0 1 1 1 0
split_gain=250.52 43.3718 38.411 14.2374 10.0438 8.97764 7.76468 5.99663 5.23073 2.99163 2.70698 2.62135 2.40433 3.08056 2.50852 2.40297 2.13643 2.05956 1.83638 1.68949 1.45444 1.15641 0.886032 0.656796 7.76159 1.30112 0.629519 0.501498 0.39914 0.372405
threshold=1.0000000180025095e-35 226.2026057194868 259.70048576135378 46.73334944630767 46.274216359937704 10.613016123657678 3.8896920106905677 17.06261805620775 1.0000000180025095e-35 14.108436749205056 1.0000000180025095e-35 49.126168467743042 3.5365340935807028 368.57110927176376 1.0000000180025095e-35 1.0000000180025095e-35 2.5971536299126865 9.1786832152300537 455.77431029686039 1.0000000180025095e-35 1.0000000180025095e-35 119.10345145970344 119.76649817843155 22.26436678502127 1.0000000180025095e-35 408.82488804754718 46.289303086253511 1.9602588296656747 2.2673636504417884 66.086964124052528
decision_type=2 2 2 2 2 2 2 2 2 2 2 2 2 2 2 2 2 2 2 2 2 2 2 2 2 2 2 2 2 2
left_child=2 7 3 4 17 19 -6 10 11 26 16 -7 13 -4 -15 -11 -2 -1 -10 21 22 -3 -5 24 -14 -25 -9 -12 -21 -22
right_child=1 5 12 20 6 8 -8 9 18 15 27 -13 23 14 -16 -17 -18 -19 -20 28 29 -23 -24 25 -26 -27 -28 -29 -30 -31
leaf_value=0.0042170171484206698 0.0081954019374296735 0.0043298804617639434 0.0023144642802614026 -0.0013810908112813116 0.0024095341017665532 0.002132949613419804 0.00010959747416996759 0.009821813370185499 0.004669882537824863 0.0035125017507814447 0.011820177442010527 0.0013329564552362477 -0.0013686531134437475 -0.0014214860543234607 0.0024795413983960323 0.0062691881132279654 0.0055064086089952058 0.0020927313371471717 0.0026602504098665685 0.0085251240201846285 0.001782296634144964 0.0025349230958126318 -0.0027124033098691012 -0.0017829049149462109 0.0011090034828998136 -0.0012239406882315457 0.0052366961705958984 0.0084585831453423774 0.0056947113663443514 -0.00054407451750300537
leaf_weight=5696 3608 10314 4245 8939 17085 64462 104228 1089 5413 19610 514 112341 82194 10453 1957 3770 16317 22966 28423 628 915 5505 11342 45316 14942 513880 413 3249 2411 2775
leaf_count=5696 3608 10314 4245 8939 17085 64462 104228 1089 5413 19610 514 112341 82194 10453 1957 3770 16317 22966 28423 628 915 5505 11342 45316 14942 513880 413 3249 2411 2775
internal_value=1.50939e-11 0.00260432 -0.000855056 0.000469589 0.000831284 0.00202977 0.000433507 0.00531909 0.00184263 0.00423494 0.00645789 0.00162463 -0.00119744 -1.08934e-05 -0.000806312 0.00395701 0.00599333 0.00251489 0.00298175 0.0041201 -0.00179336 0.00370524 -0.00212562 -0.00122755 -0.000987526 -0.00126924 0.00856106 0.00891775 0.00627961 3.27899e-05
internal_weight=1.125e+06 278067 846933 173946 149975 229497 121313 48570 210639 24882 23688 176803 672987 16655 12410 23380 19925 28662 33836 18858 23971 15819 20281 656332 97136 559196 1502 3763 3039 3690
internal_count=1125000 278067 846933 173946 149975 229497 121313 48570 210639 24882 23688 176803 672987 16655 12410 23380 19925 28662 33836 18858 23971 15819 20281 656332 97136 559196 1502 3763 3039 3690
is_linear=0
shrinkage=0.1


Tree=37
num_leaves=31
num_cat=0
split_feature=5 0 0 1 0 0 1 1 4 4 1 4 4 1 1 0 0 0 1 1 4 1 1 1 0 2 0 1 3 1
split_gain=202.921 35.9047 31.4554 8.80676 9.05401 8.57019 5.64184 5.32675 5.16276 4.00408 3.85339 3.75456 3.2131 2.3365 2.07794 8.04378 2.10931 1.96308 1.67843 1.49425 0.877099 0.874446 0.63477 0.540715 0.467699 0.441902 0.441204 0.435301 0.398224 0.373705
threshold=1.0000000180025095e-35 402.01531791186449 104.79282847163346 10.613016123657678 477.39687087239992 75.688736751726523 5.1961684671537904 4.1936115663625531 1.0000000180025095e-35 1.0000000180025095e-35 48.607278753326227 1.0000000180025095e-35 1.0000000180025095e-35 18.518677910115919 28.602898206122244 435.24578305054064 441.87024797080215 14.108436749205056 9.6173122759933722 19.997346764138545 1.0000000180025095e-35 0.97502496770627911 46.289303086253511 2.9210869220821434 9.1786832152300537 32.160572247599895 94.974397187399418 6.9111874288638404 21.387436257031528 47.683190163873981
decision_type=2 2 2 2 2 2 2 2 2 2 2 2 2 2 2 2 2 2 2 2 2 2 2 2 2 2 2 2 2 2
left_child=2 5 7 4 8 17 23 20 -4 -8 12 13 -9 21 15 -5 -16 22 -19 27 24 -3 -2 -7 -1 -22 -12 -13 -21 -15
right_child=1 11 3 14 -6 6 9 10 -10 -11 26 19 -14 29 16 -17 -18 18 -20 28 25 -23 -24 -25 -26 -27 -28 -29 -30 -31
leaf_value=0.0051179177071159487 0.0089189516539638879 0.0055131370170155326 0.00039919387340508328 2.5679423912590559e-05 -0.0013771546550007028 0.006671938631102662 0.0028376529084116406 0.00083221940825105734 0.0031915923927953119 0.0051395764308608633 -0.00090050345665005239 0.006029644604911147 0.0029767308765909408 0.0015658631065949688 -0.001641147174497128 -0.0015177944303352631 -0.0010800706836098747 0.0071518436702025442 0.0048220453567968035 0.0028792321203590619 0.006597906900426366 0.0023469846629802066 0.0047130269447703639 0.0050756416893783232 0.0026388450893105567 0.0031539418871910797 -0.0034017521024091455 0.0037374095794213366 0.0020857571624054191 0.0012030171521902298
leaf_weight=834 2736 920 44480 69746 29469 4815 46021 45441 7779 9041 7732 1229 8256 38288 77907 65449 478745 4648 9238 9726 1045 16827 413 3794 8695 579 776 2542 18088 109741
leaf_count=834 2736 920 44480 69746 29469 4815 46021 45441 7779 9041 7732 1229 8256 38288 77907 65449 478745 4648 9238 9726 1045 16827 413 3794 8695 579 776 2542 18088 109741
internal_value=-1.4279e-12 0.00234389 -0.000769551 -0.000957221 2.44735e-05 0.00412085 0.00358783 0.00120947 0.000814856 0.00321562 0.000848651 0.00161724 0.00116194 0.00142686 -0.00107319 -0.000721529 -0.0011586 0.00611309 0.00560189 0.00261648 0.00322192 0.00251112 0.00836733 0.00596845 0.00285582 0.00537004 -0.00112864 0.00448447 0.00236322 0.00129687
internal_weight=1.125e+06 278067 846933 773575 81728 80706 63671 73358 52259 55062 62205 197361 53697 165776 691847 135195 556652 17035 13886 31585 11153 17747 3149 8609 9529 1624 8508 3771 27814 148029
internal_count=1125000 278067 846933 773575 81728 80706 63671 73358 52259 55062 62205 197361 53697 165776 691847 135195 556652 17035 13886 31585 11153 17747 3149 8609 9529 1624 8508 3771 27814 148029
is_linear=0
shrinkage=0.1


Tree=38
num_leaves=31
num_cat=0
split_feature=5 0 0 1 1 1 1 4 4 4 0 4 0 1 0 4 1 0 0 0 0 1 1 0 0 0 4 1 4 4
split_gain=164.366 29.2238 25.593 9.79521 5.83449 5.6789 5.29136 4.8297 4.36729 3.79162 3.12392 2.69699 2.09643 1.73478 2.21618 1.58806 1.57933 1.10463 0.984446 0.925037 0.912441 0.782084 0.683118 0.609334 0.562433 0.520335 12.3034 1.44286 0.343259 0.305192
threshold=1.0000000180025095e-35 265.54131666192279 259.70048576135378 28.206274442567771 2.9210869220821434 47.683190163873981 16.711477229709001 1.0000000180025095e-35 1.0000000180025095e-35 1.0000000180025095e-35 51.02043124327782 1.0000000180025095e-35 9.1786832152300537 3.5365340935807028 395.25623469657438 1.0000000180025095e-35 3.5365340935807028 499.4584250600696 499.4584250600696 70.795196139432349 9.1786832152300537 50.088854903962165 44.432192976776214 46.274216359937704 646.20680356821993 484.77604655912592 1.0000000180025095e-35 30.61838812555165 1.0000000180025095e-35 1.0000000180025095e-35
decision_type=2 2 2 2 2 2 2 2 2 2 2 2 2 2 2 2 2 2 2 2 2 2 2 2 2 2 2 2 2 2
left_child=2 5 3 4 20 8 16 -6 10 12 -2 17 -5 14 29 -16 24 -8 -18 -10 -1 -11 -13 -7 -3 26 -15 -27 -25 -4
right_child=1 6 13 9 7 23 11 -9 19 21 -12 22 -14 25 15 -17 18 -19 -20 -21 -22 -23 -24 28 -26 27 -28 -29 -30 -31
leaf_value=0.0062194024497349443 0.0058320984234851775 0.0052368081565158549 0.0014655970134671357 0.0026439693367022511 0.00033206613872326617 0.0036026297741258862 0.001886081591844878 0.0022611507068337863 0.0084557680051229756 0.0019318160570162383 0.0036791414692786198 0.0030223482485716353 -0.0011764206060767394 -0.0012449706388807571 -0.0012354771832754979 0.0019624934513777035 0.0032713050811188967 0.0011418799031364456 0.0019121129153061554 0.006029607878078859 0.0024964736376184996 -3.1331109767194e-05 0.0019742845993887168 0.00086960383514070923 0.0031834161593998021 -0.0014152961350299951 0.0016909486278390397 -0.00096772688661211697 0.0028580648807415591 0.0036874040553287186
leaf_weight=687 8507 3302 4338 1483 86316 1263 23254 15275 2182 5532 32438 8578 45680 94257 9749 1847 9572 140163 12021 5617 15768 3205 22614 5279 2238 85406 16821 459848 1039 721
leaf_count=687 8507 3302 4338 1483 86316 1263 23254 15275 2182 5532 32438 8578 45680 94257 9749 1847 9572 140163 12021 5617 15768 3205 22614 5279 2238 85406 16821 459848 1039 721
internal_value=-9.0543e-12 0.0021095 -0.000692596 0.000388668 0.000905061 0.00414357 0.00159282 0.000622119 0.00453956 -0.000701816 0.00412645 0.00141042 -0.00105629 -0.000972068 3.58113e-05 -0.000726107 0.00290107 0.00124778 0.00251463 0.0067084 0.00265191 0.00121167 0.00226251 0.00159745 0.0044073 -0.000997644 -0.000800372 -0.00103783 0.00119661 0.00178225
internal_weight=1.125e+06 278067 846933 173946 118046 56325 221742 101591 48744 55900 40945 194609 47163 672987 16655 11596 27133 163417 21593 7799 16455 8737 31192 7581 5540 656332 111078 545254 6318 5059
internal_count=1125000 278067 846933 173946 118046 56325 221742 101591 48744 55900 40945 194609 47163 672987 16655 11596 27133 163417 21593 7799 16455 8737 31192 7581 5540 656332 111078 545254 6318 5059
is_linear=0
shrinkage=0.1


Tree=39
num_leaves=31
num_cat=0
split_feature=5 0 0 1 1 0 1 1 4 0 1 4 0 1 1 0 0 4 4 1 0 4 0 0 0 4 0 0 1 4
split_gain=133.136 23.9089 22.1365 6.09298 5.42109 4.35214 4.18041 3.83663 2.95596 2.69083 2.35215 9.10098 2.68486 2.21403 1.93459 1.7959 1.61953 1.38681 1.37015 1.25539 1.14321 0.982754 0.795898 0.719827 0.71839 0.500883 0.480225 0.376241 0.342349 0.326957
threshold=1.0000000180025095e-35 215.86967541444059 104.79282847163346 5.5557879182825234 7.9088781355731905 477.39687087239992 26.225247644025735 43.498705385245174 1.0000000180025095e-35 18.958867754649308 31.414430436738318 1.0000000180025095e-35 428.5964714261479 4.1936115663625531 2.2673636504417884 499.4584250600696 14.108436749205056 1.0000000180025095e-35 1.0000000180025095e-35 44.432192976776214 85.191059321447781 1.0000000180025095e-35 4.4963213897204932 139.74452809196893 630.42903215913066 1.0000000180025095e-35 9.1786832152300537 75.688736751726523 48.607278753326227 1.0000000180025095e-35
decision_type=2 2 2 2 2 2 2 2 2 2 2 2 2 2 2 2 2 2 2 2 2 2 2 2 2 2 2 2 2 2
left_child=2 6 7 5 21 18 14 9 15 22 11 -5 -12 -11 23 -6 -16 20 -4 -10 -8 24 -1 -2 -3 26 -9 -27 -19 -7
right_child=1 4 3 10 8 29 17 25 19 13 12 -13 -14 -15 16 -17 -18 28 -20 -21 -22 -23 -24 -25 -26 27 -28 -29 -30 -31
leaf_value=0.0042086303384275244 0.0076705381259999615 0.0035957336755951135 0.00083909304654206237 -0.00084235973215910731 0.0018366541836056429 -0.0011773580306873482 0.0034059580844890075 0.0014280821625205795 0.0030342864685632374 0.0024413256439830161 -0.0015539503731942803 0.001050413481866751 -0.0008728089241549857 0.00072181386108897245 0.0071939848450833233 0.0010436791244517643 0.0041468494010232495 0.0056891935784517227 0.0028238732151861425 0.0017696931760044596 0.0015100754457393571 0.0052533200422839764 0.0022553886753295268 0.0045334691030865888 0.0019926785089817399 0.0017885890682040662 -0.0012222527579195017 -0.0015023004640786609 0.0032800775218113712 0.00010356367746588849
leaf_weight=2751 2659 7571 23281 165156 35449 12775 5208 745 11938 9108 65997 30021 469895 42103 1875 146971 25010 1598 4089 22925 8170 2317 8632 1009 4432 1231 8304 484 935 2361
leaf_count=2751 2659 7571 23281 165156 35449 12775 5208 745 11938 9108 65997 30021 469895 42103 1875 146971 25010 1598 4089 22925 8170 2317 8632 1009 4432 1231 8304 484 935 2361
internal_value=-4.30854e-12 0.00189855 -0.000623336 -0.000780772 0.00148322 0.000383134 0.00396878 0.00103685 0.00135902 0.00133675 -0.000848444 -0.000551224 -0.000956694 0.00102763 0.00465328 0.00119778 0.00435936 0.00265437 0.00113561 0.00220272 0.00224813 0.00336779 0.00272744 0.00680759 0.00300382 -0.000707082 -0.00100405 0.000859848 0.00479992 -0.000977553
internal_weight=1.125e+06 278067 846933 773575 231603 42506 46464 73358 217283 62594 731069 195177 535892 51211 30553 182420 26885 15911 27370 34863 13378 14320 11383 3668 12003 10764 9049 1715 2533 15136
internal_count=1125000 278067 846933 773575 231603 42506 46464 73358 217283 62594 731069 195177 535892 51211 30553 182420 26885 15911 27370 34863 13378 14320 11383 3668 12003 10764 9049 1715 2533 15136
is_linear=0
shrinkage=0.1


Tree=40
num_leaves=31
num_cat=0
split_feature=5 0 0 1 1 0 1 0 4 0 4 1 1 0 4 4 4 0 0 0 0 1 1 1 0 4 4 1 3 1
split_gain=107.84 19.4541 17.9306 5.5907 5.12476 4.12122 3.16081 3.03879 2.64051 2.39344 7.66145 2.36977 2.10734 2.05951 1.51173 1.42245 1.38835 1.17206 0.874245 0.677831 0.651234 0.623355 0.438018 0.416455 0.336709 0.344489 0.30905 0.288894 0.244349 0.197293
threshold=1.0000000180025095e-35 395.25623469657438 104.79282847163346 50.598730019893615 3.2130181627331393 94.974397187399418 46.73334944630767 368.57110927176376 1.0000000180025095e-35 337.36869904462708 1.0000000180025095e-35 2.9210869220821434 18.518677910115919 41.866304770595072 1.0000000180025095e-35 1.0000000180025095e-35 1.0000000180025095e-35 356.19800766258339 484.77604655912592 231.66216653968007 9.1786832152300537 0.65066894526553487 76.112111933103776 0.97502496770627911 66.086964124052528 1.0000000180025095e-35 1.0000000180025095e-35 199.96191298619021 21.387436257031528 123.90239752429258
decision_type=2 2 2 2 2 2 2 2 2 2 2 2 2 2 2 2 2 2 2 2 2 2 2 2 2 2 2 2 2 2
left_child=2 3 6 5 7 14 8 23 13 10 -6 -7 18 -1 -2 27 -9 19 26 -5 -10 -20 -19 -4 25 -8 -3 -14 -17 -26
right_child=1 12 4 17 9 11 24 16 20 -11 -12 -13 15 -15 -16 28 -18 22 21 -21 -22 -23 -24 -25 29 -27 -28 -29 -30 -31
leaf_value=0.0016556988661475655 0.0042246954700326644 0.0030310850923475929 0.0025624405106753935 0.0011911476102762313 -0.00068486662618053766 0.0051278845904263693 -0.00065710317914724839 -0.0009797470759111838 0.0052553438347464204 -0.00083225023011000124 0.0014390003579580239 0.0026690639665935632 0.00095614315532412087 0.00040187716183220354 0.0066743352388507413 0.0021129110103793969 0.0020603812358161782 0.0024205262201929425 0.004999235027614176 -0.00055297709645831547 0.0024374791357040962 0.0016895659933209184 0.0063423925183006772 0.0013572127364458598 -0.0013879386600911643 0.0014559730369587496 0.0053475979672456446 -0.00039403432079250912 0.0014979496983292533 -0.0046942798917532867
leaf_weight=22066 16087 3458 4141 5639 112212 4288 4920 9480 904 616624 20014 45635 147050 32244 2987 10001 1785 855 589 3684 8843 16819 427 9319 3275 915 691 1602 18255 191
leaf_count=22066 16087 3458 4141 5639 112212 4288 4920 9480 904 616624 20014 45635 147050 32244 2987 10001 1785 855 589 3684 8843 16819 427 9319 3275 915 691 1602 18255 191
internal_value=-2.61361e-11 0.00170869 -0.000561002 0.00302941 -0.000702694 0.00335797 0.000933169 0.0007138 0.00118329 -0.000749463 -0.000363394 0.00288026 0.00117897 0.000911301 0.00460831 0.00106522 -0.000498022 0.000891793 0.00211245 0.000501954 0.00269883 0.00180155 0.0037268 0.001728 -0.000789468 -0.000325747 0.00341689 0.000941592 0.00171561 -0.00157014
internal_weight=1.125e+06 278067 846933 79602 773575 68997 73358 24725 64057 748850 132226 49923 198465 54310 19074 176908 11265 10605 21557 9323 9747 17408 1282 13460 9301 5835 4149 148652 28256 3466
internal_count=1125000 278067 846933 79602 773575 68997 73358 24725 64057 748850 132226 49923 198465 54310 19074 176908 11265 10605 21557 9323 9747 17408 1282 13460 9301 5835 4149 148652 28256 3466
is_linear=0
shrinkage=0.1


Tree=41
num_leaves=31
num_cat=0
split_feature=5 0 0 1 4 1 1 1 4 1 0 0 4 1 4 4 0 0 4 0 0 1 4 0 1 4 2 1 0 2
split_gain=87.3507 15.9756 14.5351 6.1356 4.36536 3.70155 3.59156 3.06591 2.05925 1.76747 1.9042 1.49737 1.33194 1.24698 1.22705 1.12456 1.01096 0.970532 0.77484 0.763825 0.745102 0.602794 5.86405 4.97516 0.560715 0.499461 0.454553 0.330033 0.320037 0.246104
threshold=1.0000000180025095e-35 215.86967541444059 221.11385899414822 48.142049189358758 1.0000000180025095e-35 7.9088781355731905 6.1992931783373004 18.518677910115919 1.0000000180025095e-35 3.2130181627331393 368.57110927176376 14.108436749205056 1.0000000180025095e-35 49.126168467743042 1.0000000180025095e-35 1.0000000180025095e-35 27.903107903807804 455.77431029686039 1.0000000180025095e-35 66.086964124052528 9.1786832152300537 43.975075528893434 1.0000000180025095e-35 395.25623469657438 0.97502496770627911 1.0000000180025095e-35 19.043120904822398 0.32162832209867892 37.279952665353022 115.64129713328326
decision_type=2 2 2 2 2 2 2 2 2 2 2 2 2 2 2 2 2 2 2 2 2 2 2 2 2 2 2 2 2 2
left_child=2 7 3 4 6 18 -1 12 13 10 27 26 16 -7 -13 -12 -2 -10 24 29 -6 22 -11 -23 -3 -21 -9 -4 -14 -5
right_child=1 5 9 19 20 8 -8 11 17 21 15 14 28 -15 -16 -17 -18 -19 -20 25 -22 23 -24 -25 -26 -27 -28 -29 -30 -31
leaf_value=0.0014129234991746911 0.005412021065638789 0.0042165890102921827 0.0039573912428377067 -1.2286698359577611e-05 0.0047878465534568386 0.0012931418066690085 7.1539114796068627e-05 0.008939927938779256 0.0029559530921498371 -0.00080778531138836452 -0.00088177241308754362 0.0018330285767694477 0.0076304669866185783 0.00075523363883979802 0.0039193023120060342 0.0018543431115909338 0.0033972424828539651 0.0015590874201960349 0.004429817839714331 -0.0019627339188608233 0.0018559016568768208 -0.0022861162664402812 0.00054089877724272011 -0.00071669429099178398 0.002170572689199127 -0.00027469967597805396 0.0045880663244043055 0.0015222141461080155 0.0052786948353433037 -0.0018612482982162488
leaf_weight=26037 2906 1536 624 4613 908 69819 85533 306 6010 206379 9480 17487 708 112601 3361 1785 17416 28853 2317 11379 19089 21236 38207 413590 10467 2072 1113 5148 3167 853
leaf_count=26037 2906 1536 624 4613 908 69819 85533 306 6010 206379 9480 17487 708 112601 3361 1785 17416 28853 2317 11379 19089 21236 38207 413590 10467 2072 1113 5148 3167 853
internal_value=-2.4866e-11 0.00153782 -0.000504902 0.000386317 0.00062844 0.00119832 0.000384577 0.00323009 0.00109569 -0.000697471 0.000308539 0.00238331 0.00400933 0.000961111 0.00216937 -0.00044822 0.00368535 0.00179989 0.00275558 -0.00129764 0.00198903 -0.000722698 -0.000597106 -0.000793342 0.0024324 -0.00170271 0.00552652 0.00178548 0.00570839 -0.000300828
internal_weight=1.125e+06 278067 846933 150484 131567 231603 111570 46464 217283 696449 17037 22267 24197 182420 20848 11265 20322 34863 14320 18917 19997 679412 244586 434826 12003 13451 1419 5772 3875 5466
internal_count=1125000 278067 846933 150484 131567 231603 111570 46464 217283 696449 17037 22267 24197 182420 20848 11265 20322 34863 14320 18917 19997 679412 244586 434826 12003 13451 1419 5772 3875 5466
is_linear=0
shrinkage=0.1


Tree=42
num_leaves=31
num_cat=0
split_feature=5 0 0 1 1 0 4 1 1 0 1 0 4 4 1 0 1 0 4 0 4 0 4 1 1 0 0 3 1 1
split_gain=70.7541 13.1834 12.4475 5.11125 3.60724 6.51324 6.59799 2.57225 2.5431 2.29971 1.53477 1.46719 1.24416 0.932534 0.87063 0.773125 0.558656 4.34635 3.34593 0.452217 0.446179 0.444937 0.442012 0.386421 0.364277 0.3593 0.285748 0.247026 0.229948 0.173925
threshold=1.0000000180025095e-35 368.57110927176376 104.79282847163346 50.598730019893615 17.06261805620775 477.39687087239992 1.0000000180025095e-35 2.9210869220821434 11.671965697192618 32.604683881243197 6.9111874288638404 18.958867754649308 1.0000000180025095e-35 1.0000000180025095e-35 50.598730019893615 9.1786832152300537 44.432192976776214 435.24578305054064 1.0000000180025095e-35 139.74452809196893 1.0000000180025095e-35 75.688736751726523 1.0000000180025095e-35 77.378560262989367 27.024442340539231 630.42903215913066 621.82255018771446 24.725916973027179 2.5971536299126865 6.1992931783373004
decision_type=2 2 2 2 2 2 2 2 2 2 2 2 2 2 2 2 2 2 2 2 2 2 2 2 2 2 2 2 2 2
left_child=2 3 8 7 5 6 -4 19 13 -9 20 23 25 15 -13 -1 18 -18 -6 -2 26 27 -23 -10 -14 -12 -3 -5 -15 -7
right_child=1 10 4 21 16 29 -8 9 11 -11 12 14 24 28 -16 -17 17 -19 -20 -21 -22 22 -24 -25 -26 -27 -28 -29 -30 -31
leaf_value=0.0031075091637302855 0.0055477023504976854 0.0027250794929181269 7.5383029873939781e-05 0.00042303054939789406 -0.00070839151521324994 -0.00075179727814325128 0.0025977271661437587 0.0045388420998747781 0.0017151724863979365 0.0024239034658225791 0.0011075087184462152 0.00028518347555343891 0.0023256661776755783 0.0042139454985031547 -0.0009919146191954525 0.0011196396674668272 -0.0017507622973100372 -0.00063618075445294052 0.00041656998412461453 0.0038646728595963598 0.0039663420662061242 -0.00028532122497331911 0.0017131730093108003 -0.0013863808347075906 0.0013485069864817084 0.00072765563291443474 0.0014197724513145844 0.0027916209038996837 0.0024943281568745312 -0.001148538269880126
leaf_weight=2151 3325 2930 70040 762 167220 16947 12173 5691 7638 53234 30637 30896 4450 1035 6453 21634 38288 405750 31404 3071 1351 6567 1331 424 26738 133015 3922 1043 3127 31753
leaf_count=2151 3325 2930 70040 762 167220 16947 12173 5691 7638 53234 30637 30896 4450 1035 6453 21634 38288 405750 31404 3071 1351 6567 1331 424 26738 133015 3922 1043 3127 31753
internal_value=1.88063e-11 0.00138404 -0.000454412 0.00251679 -0.000572468 -9.40188e-05 0.000448858 0.00283491 0.000790515 0.00262817 0.000965494 0.000328618 0.000909082 0.00154105 6.45319e-05 0.00129941 -0.00066993 -0.000732288 -0.000530526 0.00473961 0.00230542 0.000375197 5.14724e-05 0.00155205 0.00148793 0.000798767 0.00197794 0.0017917 0.00292196 -0.00101048
internal_weight=1.125e+06 278067 846933 75024 773575 130913 82213 65321 73358 58925 203043 45411 194840 27947 37349 23785 642662 444038 198624 6396 8203 9703 7898 8062 31188 163652 6852 1805 4162 48700
internal_count=1125000 278067 846933 75024 773575 130913 82213 65321 73358 58925 203043 45411 194840 27947 37349 23785 642662 444038 198624 6396 8203 9703 7898 8062 31188 163652 6852 1805 4162 48700
is_linear=0
shrinkage=0.1


Tree=43
num_leaves=31
num_cat=0
split_feature=5 0 0 1 0 1 1 4 1 4 4 1 0 4 1 0 0 0 0 4 0 0 3 3 0 2 3 2 2 3
split_gain=57.3108 10.8931 10.1359 3.49502 2.78072 2.67981 2.53619 1.9611 1.77325 1.65889 1.5872 1.47977 1.43181 1.36065 1.07954 5.70635 1.67067 0.999094 0.690337 0.463825 0.428655 0.417055 0.358018 0.32096 0.31353 0.261586 0.39305 0.26154 0.260088 0.156718
threshold=1.0000000180025095e-35 189.70910812143933 85.191059321447781 7.5581217649989085 492.16667056395062 48.607278753326227 47.683190163873981 1.0000000180025095e-35 3.2130181627331393 1.0000000180025095e-35 1.0000000180025095e-35 4.530515572885073 4.4963213897204932 1.0000000180025095e-35 31.414430436738318 470.45223873665543 441.87024797080215 368.57110927176376 492.16667056395062 1.0000000180025095e-35 75.688736751726523 14.108436749205056 63.091158546031053 13.579678607659126 337.36869904462708 17.311117086139586 12.79548264017698 150.10881348245968 83.253834920114159 24.725916973027179
decision_type=2 2 2 2 2 2 2 2 2 2 2 2 2 2 2 2 2 2 2 2 2 2 2 2 2 2 2 2 2 2
left_child=2 6 8 4 10 9 7 11 25 17 -4 -2 23 -14 15 -5 -16 -3 -11 24 29 -9 -22 -10 -7 26 -1 -21 -27 -8
right_child=1 5 3 14 -6 19 20 21 12 18 -12 -13 13 -15 16 -17 -18 -19 -20 27 22 -23 -24 -25 -26 28 -28 -29 -30 -31
leaf_value=0.0023826987200443301 0.0042069274699741629 0.0017488195174907126 0.00042631792330646135 0.00012451286756356286 -0.0007482292599144219 -0.00027959414460973546 0.00080362385808125693 0.0077801887027739106 0.0039649203972278542 0.0030378938163602978 0.0021557954565682462 0.002393460306314826 0.0003005582547406069 0.0017508915830110568 -0.0010831308811493528 -0.00099319598602009575 -0.00056784872477478297 0.00098273188216541226 0.0017280115172972567 0.00067510674990959327 0.00045718639535257939 0.0044996752548059011 -0.0022762259587663291 0.0018137197844830377 0.00064438068450630185 0.0016349566260106419 0.0050394164535890289 0.0013908325726997494 0.0054324646115736681 0.0025727156867087694
leaf_weight=2269 5496 23594 35211 105800 20019 3799 884 418 1345 7096 6248 24819 42251 7638 72726 80380 466745 61130 9292 8243 2551 5317 590 1432 110269 3942 738 13414 189 1155
leaf_count=2269 5496 23594 35211 105800 20019 3799 884 418 1345 7096 6248 24819 42251 7638 72726 80380 466745 61130 9292 8243 2551 5317 590 1432 110269 3942 738 13414 189 1155
internal_value=5.65933e-12 0.00124564 -0.000408971 -0.000504327 0.000219618 0.000984492 0.00274574 0.00304304 0.000846088 0.00137421 0.000686956 0.00272224 0.000645621 0.000522604 -0.00056566 -0.000358039 -0.000637314 0.00119607 0.00229519 0.000694158 0.000676679 0.00473878 -5.6253e-05 0.00285562 0.000613608 0.00232518 0.00303473 0.00111842 0.0018087 0.00180573
internal_weight=1.125e+06 278067 846933 787129 61478 236837 41230 36050 59804 101112 41459 30315 52666 49889 725651 186180 539471 84724 16388 135725 5180 5735 3141 2777 114068 7138 3007 21657 4131 2039
internal_count=1125000 278067 846933 787129 61478 236837 41230 36050 59804 101112 41459 30315 52666 49889 725651 186180 539471 84724 16388 135725 5180 5735 3141 2777 114068 7138 3007 21657 4131 2039
is_linear=0
shrinkage=0.1


Tree=44
num_leaves=31
num_cat=0
split_feature=5 0 0 1 1 1 0 0 1 1 4 1 4 4 4 4 1 0 1 0 0 1 1 3 2 1 0 0 2 0
split_gain=46.4218 8.82342 8.37336 3.39731 2.33549 2.12312 1.82821 1.57655 7.43915 1.40734 1.33283 1.05137 0.932529 0.917454 0.833635 0.796798 0.734032 0.614358 0.594651 0.539835 0.507086 0.493313 0.449545 0.433108 0.409441 0.396864 0.389963 0.239101 0.228553 0.154512
threshold=1.0000000180025095e-35 189.70910812143933 66.086964124052528 3.5365340935807028 15.623430805230267 38.56995814955129 368.57110927176376 414.8956391585902 44.884285269711206 11.671965697192618 1.0000000180025095e-35 4.530515572885073 1.0000000180025095e-35 1.0000000180025095e-35 1.0000000180025095e-35 1.0000000180025095e-35 30.61838812555165 18.958867754649308 0.97502496770627911 23.534849606518126 499.4584250600696 2.5971536299126865 1.6232680226368095 63.091158546031053 1.3705252678591722 1.9602588296656747 521.85218578783599 492.16667056395062 84.272992054313491 23.534849606518126
decision_type=2 2 2 2 2 2 2 2 2 2 2 2 2 2 2 2 2 2 2 2 2 2 2 2 2 2 2 2 2 2
left_child=2 5 9 6 14 10 22 8 -5 21 11 -2 -8 20 18 17 -9 -11 -3 -7 -6 28 -4 -21 -23 -12 -15 -16 -1 -17
right_child=1 4 3 7 13 19 12 16 -10 15 25 -13 -14 26 27 29 -18 -19 -20 23 -22 24 -24 -25 -26 -27 -28 -29 -30 -31
leaf_value=0.0024300213036462181 0.003786234722470964 0.0032971635306970359 0.0017672487215087626 7.4317723414929157e-05 0.0010329764037410297 0.0031867647392959928 -0.00071950284242703819 -0.00081276620214154886 -0.0014789869262189319 0.0010803627095947791 0.0070989085384836467 0.002243127553056844 0.0016589862822918499 0.0019304889251490834 0.0035004710020218621 0.0025217927520719097 -0.00051565219503785773 -4.0703132502367869e-05 0.0013410328079150944 0.0010345099050481682 0.00059051456939157132 0.0040009869886310874 0.00076843066011851742 -0.0011323181228017115 0.0012145444375440385 0.0040102365873253736 0.0010742509538489073 0.0021198982835955644 0.0071078723977607136 0.0012935695463898653
leaf_weight=4377 5496 1660 8393 153856 31728 993 10453 100716 38560 6806 455 22455 1957 6666 2744 1580 476787 17349 24350 5883 141054 550 9730 1094 12800 4854 26324 2311 107 2912
leaf_count=4377 5496 1660 8393 153856 31728 993 10453 100716 38560 6806 455 22455 1957 6666 2744 1580 476787 17349 24350 5883 141054 550 9730 1094 12800 4854 26324 2311 107 2912
internal_value=-8.50421e-12 0.00112107 -0.000368074 -0.000443843 0.000886043 0.00247116 0.000590673 -0.00048487 -0.000236963 0.00093676 0.00282244 0.00254655 -0.000344426 0.00076403 0.00169425 0.000502604 -0.000567469 0.000275172 0.00146588 0.00100524 0.000671764 0.00163415 0.001231 0.000694749 0.00132934 0.00427495 0.00124726 0.00286931 0.00254165 0.00172558
internal_weight=1.125e+06 278067 846933 800452 236837 41230 30533 769919 192416 46481 33260 27951 12410 205772 31065 28647 577503 24155 26010 7970 172782 17834 18123 6977 13350 5309 32990 5055 4484 4492
internal_count=1125000 278067 846933 800452 236837 41230 30533 769919 192416 46481 33260 27951 12410 205772 31065 28647 577503 24155 26010 7970 172782 17834 18123 6977 13350 5309 32990 5055 4484 4492
is_linear=0
shrinkage=0.1


Tree=45
num_leaves=31
num_cat=0
split_feature=5 0 0 1 0 4 1 0 4 1 1 4 0 0 0 0 4 1 4 1 3 3 1 0 4 2 0 2 1 0
split_gain=37.6016 7.15277 6.78242 2.86139 5.46228 6.03404 2.4482 1.75977 1.4841 1.13994 0.878536 0.645406 0.627883 0.585057 0.532814 0.498791 0.471092 0.479464 0.468144 0.402068 0.399654 0.374726 0.258986 2.66314 1.99008 0.250942 0.246333 0.228344 0.175678 0.169294
threshold=1.0000000180025095e-35 402.01531791186449 66.086964124052528 21.895020442691667 435.24578305054064 1.0000000180025095e-35 5.1961684671537904 41.866304770595072 1.0000000180025095e-35 11.671965697192618 20.743342694959928 1.0000000180025095e-35 484.77604655912592 14.108436749205056 41.866304770595072 4.4963213897204932 1.0000000180025095e-35 0.97502496770627911 1.0000000180025095e-35 1.9602588296656747 27.750060509230487 1.1486605085622197 44.884285269711206 435.24578305054064 1.0000000180025095e-35 145.17420403201081 492.16667056395062 200.48118684052895 4.1936115663625531 428.5964714261479
decision_type=2 2 2 2 2 2 2 2 2 2 2 2 2 2 2 2 2 2 2 2 2 2 2 2 2 2 2 2 2 2
left_child=2 6 9 4 5 -4 13 15 -9 16 12 14 29 20 -11 -8 17 -1 27 -15 -2 -14 24 -24 -5 -20 -6 -12 -18 -3
right_child=1 10 3 22 26 -7 7 8 -10 11 18 -13 21 19 -16 -17 28 -19 25 -21 -22 -23 23 -25 -26 -27 -28 -29 -30 -31
leaf_value=0.0029385862244523616 0.0072691357745969677 0.0014719379074330237 7.585915337103677e-05 -0.00054542384285663503 -0.00025440314195629454 0.0021362310288869616 0.0053364026850022022 0.0011783779723615519 0.0025118997430581659 0.00060422279510420585 0.00043885510777714527 0.0015530223435140048 -0.001320521754826917 0.0037208056539298033 -0.00037096858682680845 0.0027275950635514178 0.0037401756864960168 0.0010704297054693812 0.00061900951818390801 0.0024933615352235785 0.00017208126011339234 0.0010924276204732008 -0.0013075260736089517 -0.0004645263441192106 0.00038698845490853483 0.0012321003716999114 -0.00080760158489544135 0.00069874156790736643 0.0020576558415815161 0.0027902051277639592
leaf_weight=1527 509 1479 95192 145214 9247 16709 822 51280 9968 15323 92152 4492 666 4338 8832 6760 1015 13695 11248 6935 94 19138 41312 403455 27174 16425 62149 53399 1597 2854
leaf_count=1527 509 1479 95192 145214 9247 16709 822 51280 9968 15323 92152 4492 666 4338 8832 6760 1015 13695 11248 6935 94 19138 41312 403455 27174 16425 62149 53399 1597 2854
internal_value=8.46795e-12 0.00100897 -0.000331266 -0.000399459 -5.25302e-05 0.000383513 0.00180209 0.00157331 0.00139541 0.000843084 0.000684639 0.000452344 0.00124985 0.00312803 0.000247655 0.00301043 0.00147074 0.00125783 0.000605882 0.0029657 0.0061628 0.00101128 -0.000502498 -0.000542828 -0.000398445 0.000982903 -0.000735953 0.000534201 0.00271147 0.00234024
internal_weight=1.125e+06 278067 846933 800452 183297 111901 80706 68830 61248 46481 197361 28647 24137 11876 24155 7582 17834 15222 173224 11273 603 19804 617155 444767 172388 27673 71396 145551 2612 4333
internal_count=1125000 278067 846933 800452 183297 111901 80706 68830 61248 46481 197361 28647 24137 11876 24155 7582 17834 15222 173224 11273 603 19804 617155 444767 172388 27673 71396 145551 2612 4333
is_linear=0
shrinkage=0.1


Tree=46
num_leaves=31
num_cat=0
split_feature=5 0 0 1 4 1 1 1 4 0 1 4 1 0 4 0 1 0 2 1 4 3 3 0 1 1 1 0 4 4
split_gain=30.4573 6.01756 5.62233 2.63719 2.33456 1.80706 1.769 1.7119 1.24036 0.919043 0.901236 0.658611 0.557089 0.650563 0.714562 0.432888 0.410058 0.388884 0.374901 0.373725 0.370402 0.349595 0.472274 0.332051 0.302293 0.301608 0.296611 0.229124 6.69452 1.4613
threshold=1.0000000180025095e-35 179.90326204986272 259.70048576135378 2.9210869220821434 1.0000000180025095e-35 48.142049189358758 50.598730019893615 7.9088781355731905 1.0000000180025095e-35 9.1786832152300537 48.607278753326227 1.0000000180025095e-35 2.5971536299126865 356.19800766258339 1.0000000180025095e-35 9.1786832152300537 1.6232680226368095 154.95007912577321 68.451276095336382 1.9602588296656747 1.0000000180025095e-35 63.091158546031053 20.260680327264467 324.62189373858189 179.36268907153655 0.97502496770627911 2.2673636504417884 492.16667056395062 1.0000000180025095e-35 1.0000000180025095e-35
decision_type=2 2 2 2 2 2 2 2 2 2 2 2 2 2 2 2 2 2 2 2 2 2 2 2 2 2 2 2 2 2
left_child=2 6 3 15 5 -5 8 20 9 -2 11 -9 13 26 -15 18 -17 -6 -1 -10 25 22 -8 -12 -23 -3 -4 28 -14 -29
right_child=1 7 12 4 17 -7 21 10 19 -11 23 -13 27 14 -16 16 -18 -19 -20 -21 -22 24 -24 -25 -26 -27 -28 29 -30 -31
leaf_value=0.0033211575054847963 0.0044126310819840552 0.002753404369669493 0.0011839237273519121 6.9401397119758906e-05 0.0013072609979889378 -0.00098361255301643194 -0.00072449348166783722 0.00077856455300335907 0.0064541238723211884 0.0019006856691958576 -0.00036472710523747359 0.0015248589154539596 -0.00063476141283542173 -0.00053499930682509949 0.001861890542466118 0.0017496182203502152 0.00071972090997925143 0.00047919085794057242 0.013804384662459293 0.0034202920300024512 0.0028286372082505732 -0.0019622479041434891 0.0016439889168146718 0.00051616436207693338 0.0096570886712035418 0.0013295945089033968 0.0042392250235049984 -0.00039732052398808502 0.001481573658148973 -0.00084477926520096095
leaf_weight=651 1537 1707 2410 114477 14828 19002 1513 72894 441 27815 4423 14115 98617 7877 1477 8979 6789 9184 36 5122 2548 845 1898 131601 23 11585 366 457795 17617 86828
leaf_count=651 1537 1707 2410 114477 14828 19002 1513 72894 441 27815 4423 14115 98617 7877 1477 8979 6789 9184 36 5122 2548 845 1898 131601 23 11585 366 457795 17617 86828
internal_value=3.74843e-12 0.00090807 -0.00029814 0.000208652 8.27934e-05 -8.05051e-05 0.00205651 0.000719635 0.0022917 0.00203222 0.000648293 0.000899632 -0.00042913 0.000242427 -0.00015653 0.00141325 0.00130619 0.000990545 0.0038705 0.0036608 0.00172417 0.000137449 0.000593413 0.000487521 -0.00165436 0.00151244 0.00158675 -0.000441456 -0.000313999 -0.000468658
internal_weight=1.125e+06 278067 846933 173946 157491 133479 39194 238873 34915 29352 223033 87009 672987 12130 9354 16455 15768 24012 687 5563 15840 4279 3411 136024 868 13292 2776 660857 116234 544623
internal_count=1125000 278067 846933 173946 157491 133479 39194 238873 34915 29352 223033 87009 672987 12130 9354 16455 15768 24012 687 5563 15840 4279 3411 136024 868 13292 2776 660857 116234 544623
is_linear=0
shrinkage=0.1


Tree=47
num_leaves=31
num_cat=0
split_feature=5 0 0 1 1 0 0 1 1 1 4 0 1 4 0 0 4 3 0 1 1 3 0 0 1 3 3 3 1 2
split_gain=24.6704 5.03549 4.97634 2.50441 2.49941 1.79075 1.2118 0.962282 0.78663 0.770979 0.742266 0.705201 0.594295 3.37242 1.22586 0.470172 0.458153 0.455757 0.453247 0.394613 0.352836 0.307246 0.274837 0.266453 0.394993 0.262424 0.244547 0.296087 0.218219 0.217352
threshold=1.0000000180025095e-35 46.274216359937704 484.77604655912592 8.2297853843788289 32.205708788802163 402.01531791186449 41.866304770595072 5.1961684671537904 46.73334944630767 1.6232680226368095 1.0000000180025095e-35 4.4963213897204932 32.635641041909629 1.0000000180025095e-35 441.87024797080215 4.4963213897204932 1.0000000180025095e-35 70.373209021688695 60.929994445440563 3.2130181627331393 0.65066894526553487 19.816702535711254 470.45223873665543 1857.8802479333947 163.00096527291137 14.380529285484995 4.7724372814904621 8.3737303289442835 199.96191298619021 286.96037021548869
decision_type=2 2 2 2 2 2 2 2 2 2 2 2 2 2 2 2 2 2 2 2 2 2 2 2 2 2 2 2 2 2
left_child=1 8 4 5 6 9 15 -8 11 -3 -7 21 13 -5 -14 -2 19 18 -6 29 -13 -1 -19 24 -18 -25 -10 -28 -21 -4
right_child=2 3 16 12 17 10 7 -9 26 -11 -12 20 14 -15 -16 -17 23 22 -20 28 -22 -23 -24 25 -26 -27 27 -29 -30 -31
leaf_value=0.0033582273456917045 0.0053104194979656473 0.0013994311543617645 0.0015112502382410992 -0.00040110480532860892 0.0019710811180389223 -0.0006410336786827741 0.0024502610343992643 0.0014085541050633239 -0.0027206156350071016 0.00040027838595465127 0.0008071830529895812 0.0031075975521125607 -0.00080077218605948395 0.00072896718429977039 -0.00036672511150766604 0.0027138661437260143 0.00098130028337328301 -0.00062813300143313195 0.00066151259656070183 0.00043840925844033219 0.00090502361505195449 0.0011243914701057351 0.0046476022194267491 0.004937932999031145 0.0047530573327974682 0.00017344586979558871 0.0028708414556367114 -0.00037415001899486391 -0.0007414751890167401 0.0060818175039758244
leaf_weight=1904 784 9697 2289 171347 2960 22782 11042 45034 395 37935 4190 749 75753 31219 461302 6311 23309 3093 24669 150690 25099 910 102 118 281 5692 307 3344 1584 109
leaf_count=1904 784 9697 2289 171347 2960 22782 11042 45034 395 37935 4190 749 75753 31219 461302 6311 23309 3093 24669 150690 25099 910 102 118 281 5692 307 3344 1584 109
internal_value=8.81296e-12 -0.000268326 0.000817263 -0.000317197 0.00140926 0.000235013 0.00176947 0.00161368 0.000948257 0.000603688 -0.000416059 0.00113251 -0.000372897 -0.000226941 -0.000427949 0.00300079 0.000514963 0.000671052 0.000801812 0.00044618 0.000968848 0.00263584 -0.000459706 0.000876825 0.00102623 0.000270212 -0.000357008 -0.00010129 0.000426136 0.001719
internal_weight=1.125e+06 846933 278067 814225 93995 74604 63171 56076 32708 47632 26972 28662 739621 202566 537055 7095 184072 30824 27629 154672 25848 2814 3195 29400 23590 5810 4046 3651 152274 2398
internal_count=1125000 846933 278067 814225 93995 74604 63171 56076 32708 47632 26972 28662 739621 202566 537055 7095 184072 30824 27629 154672 25848 2814 3195 29400 23590 5810 4046 3651 152274 2398
is_linear=0
shrinkage=0.1


Tree=48
num_leaves=31
num_cat=0
split_feature=5 0 0 1 1 0 0 4 4 1 1 0 4 1 4 0 1 0 1 1 3 1 0 0 0 1 3 3 3 0
split_gain=19.983 4.07875 4.07777 2.02857 1.70256 1.46799 1.0016 0.907747 0.89283 0.875641 0.63717 0.571213 0.567532 0.50278 3.17441 1.62787 0.337612 0.319496 0.285797 0.252515 0.252268 0.244989 0.233204 0.22117 0.205068 0.203798 0.198083 0.239831 0.189188 0.168314
threshold=1.0000000180025095e-35 46.274216359937704 305.93431174361984 8.2297853843788289 51.118452596669258 492.16667056395062 9.1786832152300537 1.0000000180025095e-35 1.0000000180025095e-35 4.530515572885073 46.73334944630767 4.4963213897204932 1.0000000180025095e-35 40.315135816956364 1.0000000180025095e-35 449.02249769606789 26.620312649764532 265.54131666192279 0.65066894526553487 0.32162832209867892 17.415946881945324 0.65066894526553487 343.36845950471792 23.534849606518126 646.20680356821993 199.96191298619021 4.7724372814904621 8.3737303289442835 101.9757791636342 14.108436749205056
decision_type=2 2 2 2 2 2 2 2 2 2 2 2 2 2 2 2 2 2 2 2 2 2 2 2 2 2 2 2 2 2
left_child=1 10 4 5 6 8 19 -8 -3 21 11 20 25 14 -5 -15 -14 23 -13 -2 -1 22 -4 -6 -23 -11 29 -28 -19 -12
right_child=2 3 9 13 17 -7 7 -9 -10 12 26 18 16 15 -16 -17 -18 28 -20 -21 -22 24 -24 -25 -26 -27 27 -29 -30 -31
leaf_value=0.003104414774821988 0.013033170807174581 0.00032346423994199225 0.0081746131576159436 -0.00037355412220640549 0.0021942881234840918 -0.00047913242012050827 0.0013707000427199936 0.0024828666983446688 0.0014738069326965396 0.00042965703986470112 0.0007333777105494434 0.0027968377029613093 0.0015759050728420554 -0.00090750377059151978 0.0005897710124528995 -0.00032992666983767315 0.00072611714078736893 -0.0011755364589215093 0.00081452121288495675 0.0037820561878797059 0.0011478257226694246 0.0020057300934257839 0.0026827956365263863 0.00011360495294028505 0.00076096519580218409 -0.00069753919531092179 0.0025837572605094303 -0.0003367350104448607 -0.0060401565309656765 -0.0037877124386651966
leaf_weight=1761 30 44875 85 220066 559 21788 45721 8742 7941 173002 117 749 5624 55146 40503 423906 27711 986 25099 1789 1053 2854 856 5934 2468 1619 307 3344 87 278
leaf_count=1761 30 44875 85 220066 559 21788 45721 8742 7941 173002 117 749 5624 55146 40503 423906 27711 986 25099 1789 1053 2854 856 5934 2468 1619 307 3344 87 278
internal_value=5.49473e-12 -0.000241493 0.000735537 -0.000285477 0.00143698 0.000211512 0.00162631 0.00154922 0.000496421 0.000526472 0.000853431 0.00101926 0.000491385 -0.000335607 -0.000223814 -0.000396414 0.000869486 2.85707e-05 0.000871963 0.00393463 0.00237226 0.00169148 0.00317887 0.000292737 0.00142849 0.000419206 -0.000321307 -9.11609e-05 -0.00156997 -0.00244855
internal_weight=1.125e+06 846933 278067 814225 63848 74604 56282 54463 52816 214219 32708 28662 207956 739621 260569 479052 33335 7566 25848 1819 2814 6263 941 6493 5322 174621 4046 3651 1073 395
internal_count=1125000 846933 278067 814225 63848 74604 56282 54463 52816 214219 32708 28662 207956 739621 260569 479052 33335 7566 25848 1819 2814 6263 941 6493 5322 174621 4046 3651 1073 395
is_linear=0
shrinkage=0.1


Tree=49
num_leaves=31
num_cat=0
split_feature=5 0 0 4 1 1 1 4 1 1 0 4 0 0 0 4 1 1 4 0 1 2 1 1 1 3 3 0 0 0
split_gain=16.1863 3.49478 3.40604 1.53764 1.64283 1.11809 0.96541 0.863792 0.635394 0.62397 0.619223 0.58957 0.41844 0.376044 0.374796 4.64737 12.8767 0.98862 0.976965 0.911036 0.705185 0.342566 0.300433 0.27901 0.268634 0.243634 0.397312 0.245521 0.229327 0.73375
threshold=1.0000000180025095e-35 259.70048576135378 179.90326204986272 1.0000000180025095e-35 15.274614224192041 50.598730019893615 48.607278753326227 1.0000000180025095e-35 0.97502496770627911 6.5603256223508319 4.4963213897204932 1.0000000180025095e-35 630.42903215913066 37.279952665353022 435.24578305054064 1.0000000180025095e-35 43.02815439987058 33.453237016482653 1.0000000180025095e-35 484.77604655912592 34.314566448119407 83.253834920114159 6.5603256223508319 1.9602588296656747 4.1936115663625531 63.091158546031053 28.530669377089698 23.534849606518126 324.62189373858189 276.99197801532733
decision_type=2 2 2 2 2 2 2 2 2 2 2 2 2 2 2 2 2 2 2 2 2 2 2 2 2 2 2 2 2 2
left_child=1 3 5 4 8 7 11 9 -1 -2 -6 12 -4 24 15 17 -17 -3 20 -20 -16 -15 -13 -9 -5 26 -7 -27 29 -8
right_child=2 14 6 13 10 25 28 23 -10 -11 -12 22 -14 21 18 16 -18 -19 19 -21 -22 -23 -24 -25 -26 27 -28 -29 -30 -31
leaf_value=0.0015354683686821418 0.0022833801182814348 -0.00016228016259383249 0.00083669257273241379 0.0037747961762353158 0.0019123269855882128 -0.00050866363104389836 0.00053895933779082124 0.0052690497877612413 0.00034405942289489935 0.0012263058853780448 -0.00027434057386040492 0.0024059585121480346 0.0003913518011225823 0.00086648225418505431 -0.0005254233970307502 0.0032771351975016123 -0.0036721159664723038 -0.00088922739485596675 0.00089104705610341679 -0.00071350639152294572 -0.00023149695182351734 -0.00035410256103682514 0.0011334991480768139 0.0026476958375942243 0.0014415197639202303 0.0028081167084367379 0.0016902715916396541 -0.0021527504499382951 0.00036921023797272141 -0.0022024197443101363
leaf_weight=4837 7501 50678 49308 577 1316 2031 2968 441 60031 21851 81292 2127 36878 19886 103766 10623 3560 29655 3686 88466 382553 2600 14536 5122 3407 115 1380 753 131601 1455
leaf_count=4837 7501 50678 49308 577 1316 2031 2968 441 60031 21851 81292 2127 36878 19886 103766 10623 3560 29655 3686 88466 382553 2600 14536 5122 3407 115 1380 753 131601 1455
internal_value=1.20879e-13 -0.000217344 0.000661983 0.000182216 5.62547e-05 0.001526 0.000520216 0.00171298 0.000432899 0.00149644 -0.000239506 0.000751412 0.000646136 0.000884001 -0.000320617 -0.000135996 0.00153284 -0.000430633 -0.000350783 -0.000649326 -0.000294212 0.000725349 0.00129593 0.0028555 0.00177945 3.25145e-07 0.000380967 -0.00149549 0.000345406 -0.000362851
internal_weight=1.125e+06 846933 278067 173946 147476 39194 238873 34915 64868 29352 82608 102849 86186 26470 672987 94516 14183 80333 578471 92152 486319 22486 16663 5563 3984 4279 3411 868 136024 4423
internal_count=1125000 846933 278067 173946 147476 39194 238873 34915 64868 29352 82608 102849 86186 26470 672987 94516 14183 80333 578471 92152 486319 22486 16663 5563 3984 4279 3411 868 136024 4423
is_linear=0
shrinkage=0.1


Tree=50
num_leaves=31
num_cat=0
split_feature=5 0 0 1 1 0 0 1 4 0 4 0 4 4 2 4 1 0 2 0 2 3 1 2 3 0 2 2 1 1
split_gain=13.1109 2.96673 2.83959 1.57246 1.10268 0.793871 0.790597 0.781831 0.584392 0.519571 0.56039 0.465515 3.96592 0.892001 0.384212 0.364945 0.358734 0.314264 0.303065 0.480906 0.30289 0.298887 0.281453 0.264981 0.243195 0.222278 0.204196 0.209566 0.174913 0.16174
threshold=1.0000000180025095e-35 104.79282847163346 499.4584250600696 32.205708788802163 2.9210869220821434 9.1786832152300537 41.866304770595072 35.991588995506469 1.0000000180025095e-35 356.19800766258339 1.0000000180025095e-35 435.24578305054064 1.0000000180025095e-35 1.0000000180025095e-35 19.997940019516012 1.0000000180025095e-35 3.5365340935807028 4.4963213897204932 195.88280125161356 1545.1822358662043 107.71244188556626 10.68917296586368 79.311366388674159 185.66848801072936 70.373209021688695 215.86967541444059 7.3217843134478793 286.96037021548869 98.793122498996695 9.9541473246168
decision_type=2 2 2 2 2 2 2 2 2 2 2 2 2 2 2 2 2 2 2 2 2 2 2 2 2 2 2 2 2 2
left_child=1 5 3 6 9 22 17 14 -8 21 -11 12 -6 -13 -7 24 26 -2 23 -20 -9 -3 29 -18 -5 -17 -4 -28 -24 -1
right_child=2 4 16 15 11 7 8 20 -10 10 -12 13 -14 -15 -16 25 18 -19 19 -21 -22 -23 28 -25 -26 -27 27 -29 -30 -31
leaf_value=0.0022724769629111677 0.0042038171254104211 0.00037710504007875772 0.0067374756008806366 0.00041582187212815277 -0.00033151243054146723 0.00083364300301671732 0.0010553945967499612 -0.00018171969688143578 0.0019208010595462525 -0.0003856424159633811 0.0016231914648089112 -0.00026378936487635667 0.00097417212820803721 -0.00060568840086859847 0.0002772389679318702 0.0020781017128006082 0.00028275380636563557 0.0020809815627707449 0.00092894186997886398 0.00034431422674495769 -0.0015923891180176408 0.001383728368796338 -0.0052182531194121112 -0.00033613055920326748 -0.00057108240097887596 0.00072193504030778667 0.001123457946313492 0.0050467016610929137 0.0011226621510872206 0.0012087645057589176
leaf_weight=2208 784 5738 71 23990 154046 19789 47888 12104 9322 8883 1646 479024 27401 90767 33285 1938 101368 6311 19508 50477 1741 6070 100 7425 2787 3211 2844 143 77 4054
leaf_count=2208 784 5738 71 23990 154046 19789 47888 12104 9322 8883 1646 479024 27401 90767 33285 1938 101368 6311 19508 50477 1741 6070 100 7425 2787 3211 2844 143 77 4054
internal_value=-1.49883e-11 -0.000195609 0.000595785 0.00103506 -0.000253245 0.000412164 0.00131989 0.000310121 0.00119641 0.000439145 -7.16011e-05 -0.000273832 -0.000134336 -0.000318253 0.000484698 0.000461362 0.000363313 0.00231556 0.000344943 0.000507277 -0.00035911 0.000894568 0.00147268 0.000240516 0.000313103 0.00123237 0.00143726 0.00131128 -0.00245978 0.00158383
internal_weight=1.125e+06 846933 278067 96231 773575 73358 64305 66919 57210 22337 10529 751238 181447 569791 53074 31926 181836 7095 178778 69985 13845 11808 6439 108793 26777 5149 3058 2987 177 6262
internal_count=1125000 846933 278067 96231 773575 73358 64305 66919 57210 22337 10529 751238 181447 569791 53074 31926 181836 7095 178778 69985 13845 11808 6439 108793 26777 5149 3058 2987 177 6262
is_linear=0
shrinkage=0.1


Tree=51
num_leaves=31
num_cat=0
split_feature=5 0 0 1 1 4 0 0 1 1 0 1 0 0 1 1 1 0 3 2 2 1 3 4 3 1 1 2 2 0
split_gain=10.6198 2.4661 2.34712 1.31549 1.28107 0.598713 0.568175 0.557402 3.06404 0.566849 0.442431 0.420303 0.407022 0.36226 0.358309 0.338678 0.315483 0.389084 0.296453 0.293098 0.291829 0.256698 0.230343 0.219448 0.217678 0.216636 0.205777 0.159261 0.147609 0.132848
threshold=1.0000000180025095e-35 46.274216359937704 85.191059321447781 6.5603256223508319 3.2130181627331393 1.0000000180025095e-35 492.16667056395062 414.8956391585902 48.142049189358758 30.61838812555165 492.16667056395062 48.607278753326227 4.4963213897204932 4.4963213897204932 47.683190163873981 9.6173122759933722 1.9602588296656747 139.74452809196893 4.2629266017996814 2.8534081884564295 16.437510799667567 0.32162832209867892 4.7724372814904621 1.0000000180025095e-35 19.816702535711254 35.538194315256142 172.61368405738935 20.857266415446166 0.72482343342419686 14.108436749205056
decision_type=2 2 2 2 2 2 2 2 2 2 2 2 2 2 2 2 2 2 2 2 2 2 2 2 2 2 2 2 2 2
left_child=1 11 12 16 6 14 21 8 -6 -9 -7 13 20 24 -5 18 17 -4 -14 -18 25 -3 29 -15 -1 -2 -24 -22 -17 -13
right_child=2 4 3 5 7 10 -8 9 -10 -11 -12 22 15 23 -16 28 19 -19 -20 -21 27 -23 26 -25 -26 -27 -28 -29 -30 -31
leaf_value=0.0024846255079254646 0.0055007233766640132 0.0017080768752064275 0.0039407636207718861 0.00048480449380363375 8.1023393682458079e-05 0.0013083816671428262 -0.00025617190016433931 -0.00049915211145071801 -0.00094513551065025531 -0.00023914373296760069 0.00054995181176876952 0.00027172700076614722 0.0032490277793255475 0.00056457793476479348 0.00021514450833252805 0.0043072884750242034 0.003398795170752208 0.001573068968322422 0.0016761389733012699 0.00091693234061894665 -0.0018508367203176022 0.00059242404559054775 2.3729063436425894e-05 0.00137266591242297 0.00061919011422075193 0.015846428410573443 -0.0066400828138439665 0.0030058289189208052 0.00115070660505135 -0.0039713993778096616
leaf_weight=1915 253 2318 824 84566 171190 10566 8433 101740 35057 476787 28273 104 1651 22201 118074 150 496 4401 4370 11705 75 18700 3298 3960 929 22 47 677 11964 254
leaf_count=1915 253 2318 824 84566 171190 10566 8433 101740 35057 476787 28273 104 1651 22201 118074 150 496 4401 4370 11705 75 18700 3298 3960 929 22 47 677 11964 254
internal_value=2.36386e-11 -0.000176049 0.000536206 0.000457167 -0.000210249 0.000396615 0.000437247 -0.000234549 -9.33988e-05 -0.000284869 0.00075628 0.000675337 0.00160414 0.000803421 0.000327679 0.00149446 0.00129627 0.00194646 0.00210744 0.00101783 0.00354084 0.000715465 -0.000327924 0.000686899 0.00187528 0.00632838 -6.9903e-05 0.00252145 0.00118979 -0.00273876
internal_weight=1.125e+06 846933 278067 258905 814225 241479 29451 784774 206247 578527 38839 32708 19162 29005 202640 18135 17426 5225 6021 12201 1027 21018 3703 26161 2844 275 3345 752 12114 358
internal_count=1125000 846933 278067 258905 814225 241479 29451 784774 206247 578527 38839 32708 19162 29005 202640 18135 17426 5225 6021 12201 1027 21018 3703 26161 2844 275 3345 752 12114 358
is_linear=0
shrinkage=0.1


Tree=52
num_leaves=31
num_cat=0
split_feature=5 0 1 1 0 0 4 0 1 4 3 0 4 4 1 2 3 1 3 0 3 2 1 4 2 2 1 0 3 1
split_gain=8.60205 2.01209 1.92678 0.870149 0.851913 0.632472 0.470728 0.419228 0.402857 0.400068 0.394179 0.372933 3.08419 0.730484 0.360638 0.323678 0.279521 0.364102 0.276543 0.274499 0.265971 0.252575 0.250103 0.27223 0.247289 0.220586 0.256528 0.214495 0.212957 0.164808
threshold=1.0000000180025095e-35 66.086964124052528 12.008678236001183 3.5365340935807028 94.974397187399418 70.795196139432349 1.0000000180025095e-35 514.52054274332124 14.168824019439741 1.0000000180025095e-35 248.11925831338098 435.24578305054064 1.0000000180025095e-35 1.0000000180025095e-35 1.9602588296656747 3.5550580069080908 4.5982103553523883 8.2297853843788289 9.9680765383299939 1857.8802479333947 50.670403033041453 11.247933294102788 50.598730019893615 1.0000000180025095e-35 2.8534081884564295 2.0022792896002435 42.141404053235895 85.191059321447781 2.9443400076023303 4.1936115663625531
decision_type=2 2 2 2 2 2 2 2 2 2 2 2 2 2 2 2 2 2 2 2 2 2 2 2 2 2 2 2 2 2
left_child=1 6 5 7 22 16 8 21 20 24 -10 12 -5 -13 28 -16 17 -2 -18 -11 -1 -3 23 -4 -6 26 -8 -24 -7 -27
right_child=2 3 4 11 9 14 25 -9 10 19 -12 13 -14 -15 15 -17 18 -19 -20 -21 -22 -23 27 -25 -26 29 -28 -29 -30 -31
leaf_value=0.00078164684151982441 0.0039039968645296383 -6.7954497697556677e-05 0.0011537073405873553 -0.00026462749548249978 -0.00094199115692992434 0.00012921377711463719 0.004796373480033464 -0.00025188775785771729 4.0693954571551894e-05 0.00075407630759841181 0.011511323085675637 -0.00020849214007375986 0.0008257910323996332 -0.00051841629070974898 0.0023720256436654528 0.00073128252663909917 0.00044417752117335954 0.00071696277369370635 0.0021354280874516765 -8.2676121957739208e-08 -0.0011269252548777124 0.00074888956535987435 0.0005228974436298911 0.0025462689727675002 0.0002831863948410006 0.0023525166913827399 -0.0069517266005277639 -0.0028560299686142716 0.0019429806545875989 0.00092137033255995518
leaf_weight=16964 1374 4887 8863 171453 1662 750 263 8853 21620 30545 30 477444 30563 90459 1260 26280 1394 485 3155 5732 763 16793 2033 1668 187930 932 20 207 4729 5889
leaf_count=16964 1374 4887 8863 171453 1662 750 263 8853 21620 30545 30 477444 30563 90459 1260 26280 1394 485 3155 5732 763 16793 2033 1668 187930 932 20 207 4729 5889
internal_value=-2.62137e-12 -0.000158444 0.000482586 -0.000195586 0.00037559 0.0011302 0.000481187 0.000327975 0.000346018 0.000330663 5.65886e-05 -0.000216349 -9.96581e-05 -0.000257859 0.000953758 0.000806349 0.00203937 0.00307252 0.00161716 0.000634914 0.000699499 0.000564761 0.00117018 0.00137427 0.000272446 0.00123042 0.00396612 0.000210648 0.0016947 0.00111692
internal_weight=1.125e+06 846933 278067 800452 238640 39427 46481 30533 39377 225869 21650 769919 202016 567903 33019 27540 6408 1859 4549 36277 17727 21680 12771 10531 189592 7104 283 2240 5479 6821
internal_count=1125000 846933 278067 800452 238640 39427 46481 30533 39377 225869 21650 769919 202016 567903 33019 27540 6408 1859 4549 36277 17727 21680 12771 10531 189592 7104 283 2240 5479 6821
is_linear=0
shrinkage=0.1


Tree=53
num_leaves=31
num_cat=0
split_feature=5 0 0 1 1 4 1 0 0 2 4 0 1 0 3 1 2 0 1 4 3 2 1 0 2 2 3 3 1 0
split_gain=6.96766 1.69253 1.67675 1.02434 0.854978 0.532799 0.400829 1.72637 0.352842 0.352016 0.344674 0.3243 0.320468 0.29909 0.245313 0.242729 0.242226 0.373823 0.347219 0.265822 0.24081 0.205458 0.196929 0.194249 0.192951 0.186376 0.184986 0.203793 0.156841 0.151222
threshold=1.0000000180025095e-35 499.4584250600696 46.274216359937704 32.635641041909629 2.5971536299126865 1.0000000180025095e-35 22.26436678502127 470.45223873665543 368.57110927176376 11.247933294102788 1.0000000180025095e-35 27.903107903807804 48.607278753326227 9.1786832152300537 70.373209021688695 79.950533380549288 195.88280125161356 1545.1822358662043 0.65066894526553487 1.0000000180025095e-35 18.483628031748999 185.66848801072936 0.65066894526553487 1759.7960425739955 5.0012879083941906 43.234918298909044 4.7724372814904621 7.8427628596458936 38.135231870690994 408.82488804754718
decision_type=2 2 2 2 2 2 2 2 2 2 2 2 2 2 2 2 2 2 2 2 2 2 2 2 2 2 2 2 2 2
left_child=2 3 12 5 8 11 7 -6 24 -7 -10 -2 13 28 20 -16 18 19 25 -18 -5 -20 -15 -19 -4 -3 -14 -28 -1 -8
right_child=1 16 4 14 6 9 29 -9 10 -11 -12 -13 26 22 15 -17 17 23 21 -21 -22 -23 -24 -25 -26 -27 27 -29 -30 -31
leaf_value=0.0011683173412868257 0.0017402508680370216 -0.0018752318513377206 -0.00020953729317743763 0.00012480338178040332 0.00017941020145188378 0.0030222295461876541 -0.00033499662309421007 -0.00048708086796246832 -0.00033793197857265479 0.0014075987231288031 0.0013461182667873156 0.00080523216499395602 -0.0024770855637870123 0.0022088717848649151 0.00010354591528216865 -0.0017141652684927577 0.00060481651390765622 -7.6588165552668897e-05 0.00018824903777001921 0.0015922690550277425 0.00071087242997729984 -0.00035325962864047586 0.00046158861300721744 0.0003706724466219811 0.00086570940509581116 0.0037651973373866304 0.0027348042462322425 -0.00030141657046758413 0.0031537501697312107 -0.00020357685480033063
leaf_weight=5326 4005 69 1921 14921 111422 1590 105540 59680 7619 8955 1446 50261 358 664 2161 1113 16781 13101 103205 3255 13225 7517 22585 37520 12717 388 238 3107 430 513880
leaf_count=5326 4005 69 1921 14921 111422 1590 105540 59680 7619 8955 1446 50261 358 664 2161 1113 16781 13101 103205 3255 13225 7517 22585 37520 12717 388 238 3107 430 513880
internal_value=4.73675e-12 0.000434327 -0.000142599 0.000773464 -0.0001708 0.00100063 -0.000188544 -5.30604e-05 0.00042098 0.00165106 -6.93013e-05 0.000874239 0.00055943 0.000671272 0.000304881 -0.000514387 0.000254849 0.000399628 0.000162839 0.000765236 0.00040018 0.000151486 0.000511492 0.000254919 0.000724601 0.00291358 -0.000316612 -8.53865e-05 0.00131664 -0.000225969
internal_weight=1.125e+06 278067 846933 96231 814225 64811 790522 171102 23703 10545 9065 54266 32708 29005 31420 3274 181836 70657 111179 20036 28146 110722 23249 50621 14638 457 3703 3345 5756 619420
internal_count=1125000 278067 846933 96231 814225 64811 790522 171102 23703 10545 9065 54266 32708 29005 31420 3274 181836 70657 111179 20036 28146 110722 23249 50621 14638 457 3703 3345 5756 619420
is_linear=0
shrinkage=0.1


Tree=54
num_leaves=31
num_cat=0
split_feature=5 0 0 1 1 1 1 0 0 0 1 0 3 3 1 0 1 0 1 1 2 2 0 1 4 3 2 3 0 2
split_gain=5.6438 1.37095 1.36032 0.829718 0.488365 0.476092 0.45731 0.363234 0.351018 0.311722 0.253135 0.246011 0.233203 0.385982 0.236285 0.208454 0.222884 0.201757 2.381 0.412351 0.201351 0.196203 0.302797 0.281248 0.215315 0.178385 0.166421 0.157746 0.157342 0.147806
threshold=1.0000000180025095e-35 499.4584250600696 104.79282847163346 32.635641041909629 2.5971536299126865 1.9602588296656747 5.1961684671537904 14.108436749205056 14.108436749205056 139.74452809196893 35.991588995506469 492.16667056395062 16.599195070961976 13.579678607659126 4.530515572885073 60.929994445440563 227.39829742027635 414.8956391585902 47.683190163873981 30.61838812555165 15.609063627395278 195.88280125161356 1545.1822358662043 0.65066894526553487 1.0000000180025095e-35 7.4963960213137542 185.66848801072936 17.415946881945324 1759.7960425739955 25.170544849241491
decision_type=2 2 2 2 2 2 2 2 2 2 2 2 2 2 2 2 2 2 2 2 2 2 2 2 2 2 2 2 2 2
left_child=2 3 6 5 11 9 12 -7 27 -2 -10 20 13 -1 -14 29 -17 18 -6 -19 -4 23 24 25 -23 -3 -25 -8 -24 -5
right_child=1 21 4 15 17 7 8 -9 10 -11 -12 -13 14 -15 -16 16 -18 19 -20 -21 -22 22 28 26 -26 -27 -28 -29 -30 -31
leaf_value=0.00086672439123700496 0.0027018948395769959 0.0062174084093333838 -6.1547000142653778e-05 0.0022312607404893084 8.6701314503661133e-05 0.0020953887714495068 0.0011706812386081901 0.00077454009558157607 0.00019731508022783557 0.0011158167500718052 -0.0003110857790611801 -0.00016796490710570668 -0.00011958817778224076 0.0030224577681588066 0.0021962925907808577 0.00019908068218432501 -0.0058521889986042856 -0.0003892482924145608 -0.00088367708477600634 -0.00016922709954265969 0.00081562999284495079 0.00054433483185086027 -6.8929543724331581e-05 0.0001694241033754347 0.0014330420697333411 0.0015364949214724929 -0.00031793375314180755 0.00027672179910908604 0.00033360529379294749 0.000654913272845478
leaf_weight=8721 2276 106 3610 777 142447 2160 4507 57655 38515 2720 13133 6768 3549 918 503 28045 61 103708 30743 476787 9512 16781 13101 103205 3255 351 7517 3512 37520 2537
leaf_count=8721 2276 106 3610 777 142447 2160 4507 57655 38515 2720 13133 6768 3549 918 503 28045 61 103708 30743 476787 9512 16781 13101 103205 3255 351 7517 3512 37520 2537
internal_value=2.87773e-12 0.000390894 -0.000128339 0.000696118 -0.000167367 0.000900568 0.000283212 0.000822238 0.000163612 0.00183838 6.80394e-05 0.000321735 0.000804444 0.00107203 0.000167897 0.000274393 0.000185947 -0.000180274 -8.55508e-05 -0.000208535 0.000574309 0.000229364 0.000359665 0.000146555 0.000688712 0.00262222 0.000136337 0.000779163 0.000229427 0.0010245
internal_weight=1.125e+06 278067 846933 96231 773575 64811 73358 59815 59667 4996 51648 19890 13691 9639 4052 31420 28106 753685 173190 580495 13122 181836 70657 111179 20036 457 110722 8019 50621 3314
internal_count=1125000 278067 846933 96231 773575 64811 73358 59815 59667 4996 51648 19890 13691 9639 4052 31420 28106 753685 173190 580495 13122 181836 70657 111179 20036 457 110722 8019 50621 3314
is_linear=0
shrinkage=0.1


Tree=55
num_leaves=29
num_cat=0
split_feature=5 0 1 1 0 0 0 1 4 4 3 1 2 4 2 0 3 3 3 0 0 2 0 2 0 1 1 4
split_gain=4.57148 1.14697 1.14177 0.612842 0.483635 0.44483 0.320755 0.312947 1.21701 0.276537 0.267376 0.282446 0.300201 0.243997 0.292199 0.241936 0.238528 0.266698 0.238451 0.228808 0.223296 0.214998 0.214287 0.203537 0.195266 0.190116 0.174204 0.120857
threshold=1.0000000180025095e-35 46.274216359937704 10.613016123657678 1.6232680226368095 94.974397187399418 70.795196139432349 248.49604926412792 22.26436678502127 1.0000000180025095e-35 1.0000000180025095e-35 248.11925831338098 77.378560262989367 100.22580313635579 1.0000000180025095e-35 119.10345145970344 4.4963213897204932 4.5982103553523883 2.2888449815518479 9.9680765383299939 265.54131666192279 9.1786832152300537 2.8534081884564295 231.66216653968007 15.609063627395278 293.75649745342179 10.283475171466646 101.41879813328214 1.0000000180025095e-35
decision_type=2 2 2 2 2 2 2 2 2 2 2 2 2 2 2 2 2 2 2 2 2 2 2 2 2 2 2 2
left_child=1 10 5 6 20 16 22 8 -5 21 11 15 -13 14 -7 -1 17 -2 -18 -11 23 -6 -3 -4 -8 -15 -22 -9
right_child=2 3 4 7 9 13 24 27 -10 19 -12 12 -14 25 -16 -17 18 -19 -20 -21 26 -23 -24 -25 -26 -27 -28 -29
leaf_value=0.0013501991639131323 0.0014456785027409512 0.00084239194537699561 0.0044721118117807927 -0.00014462786171618697 -0.00091181602002430608 0.00078868874071638694 -0.0012668747698570395 -0.00016523473589104694 0.00058015744192152345 0.0012047220887506321 0.0097478183827573259 0.00014644192970178846 -0.0033627638337179926 0.0012647693662729918 -3.4053294870667082e-05 0.0004186840464141425 0.00013276090748237651 0.003957540138653016 0.0017879218052978896 0.00040442312024490594 0.00077642454776347299 0.00020260597999530606 0.0031164250104283552 0.0014422021189965772 0.00024405344313001596 0.004710064934712487 -0.0018299972089736204 -0.00028619563972628051
leaf_weight=3090 855 6632 282 152570 1747 18905 977 521266 27315 4008 31 653 389 4556 5594 28545 1262 836 2805 32875 12063 190814 442 1037 6869 166 262 98154
leaf_count=3090 855 6632 282 152570 1747 18905 977 521266 27315 4008 31 653 389 4556 5594 28545 1262 836 2805 32875 12063 190814 442 1037 6869 166 262 98154
internal_value=-3.17528e-12 -0.000115505 0.000351805 -0.00013883 0.000274939 0.00088599 0.000496171 -0.000150683 -3.45714e-05 0.000240543 0.00046512 0.000456314 -0.00116362 0.00072769 0.000600827 0.000509671 0.00168934 0.0026875 0.00127432 0.00049139 0.00085336 0.000192495 0.000984479 0.00208999 5.59096e-05 0.00138589 0.000721018 -0.000184402
internal_weight=1.125e+06 846933 278067 814225 243088 34979 14920 799305 179885 229444 32708 32677 1042 29221 24499 31635 5758 1691 4067 36883 13644 192561 7074 1319 7846 4722 12325 619420
internal_count=1125000 846933 278067 814225 243088 34979 14920 799305 179885 229444 32708 32677 1042 29221 24499 31635 5758 1691 4067 36883 13644 192561 7074 1319 7846 4722 12325 619420
is_linear=0
shrinkage=0.1


Tree=56
num_leaves=31
num_cat=0
split_feature=5 1 0 1 1 0 2 4 0 4 0 4 1 0 3 3 0 0 0 0 3 2 3 1 3 3 1 1 0 1
split_gain=3.7029 0.965724 0.936732 0.55667 0.47714 0.471561 0.387702 0.293813 0.291454 0.645731 0.290839 0.360732 0.29135 0.258989 0.215951 0.334022 0.251101 0.202874 0.634654 0.506114 0.195899 0.207537 0.172986 0.162766 0.138124 0.135854 0.233026 0.151895 0.103135 0.0770029
threshold=1.0000000180025095e-35 6.9111874288638404 27.903107903807804 4.1936115663625531 48.607278753326227 318.54227862122303 0.72482343342419686 1.0000000180025095e-35 154.95007912577321 1.0000000180025095e-35 368.57110927176376 1.0000000180025095e-35 0.32162832209867892 70.795196139432349 4.5982103553523883 9.9680765383299939 14.108436749205056 330.88902516813386 402.01531791186449 276.99197801532733 0.49947855308759742 2.8534081884564295 0.33348640299863958 149.49782056703552 4.5982103553523883 4.0858214631075027 9.6173122759933722 17.806373038409195 104.79282847163346 44.884285269711206
decision_type=2 2 2 2 2 2 2 2 2 2 2 2 2 2 2 2 2 2 2 2 2 2 2 2 2 2 2 2 2 2
left_child=2 13 6 10 5 7 25 -3 9 -5 12 -12 -4 14 16 -16 -2 19 -19 -6 28 -22 -7 24 -8 26 -1 -27 -15 -10
right_child=1 4 3 8 17 22 23 -9 29 -11 11 -13 -14 20 15 -17 -18 18 -20 -21 21 -23 -24 -25 -26 27 -28 -29 -30 -31
leaf_value=0.010606390669603413 0.005730735972360213 0.00055765483760328782 0.0015386350402020509 -7.6659527503227499e-05 3.3161760744572354e-05 -0.001313204850443108 1.9150649934738818e-05 0.0012645351493669394 -0.00011713357648329345 0.00073545871589177829 -0.00032325094822309946 0.0010394410562522879 0.00034198360694326325 -0.0048318566586787529 -0.00040157698493723209 0.0019351751488562718 0.0020760923786153226 0.0017561243472563291 0.00013885167482431294 -0.0018780696673287988 0.0024084431675126887 0.00076392810485063857 0.00026887414106139461 -0.0052949910129730902 0.00067420555938400113 0.0010020753459684783 0.0010072883763691276 0.0070533165541876641 -0.00061116862026624769 -0.00018463372108495674
leaf_weight=66 235 36424 2229 63333 7650 698 4084 7012 275946 11581 12473 2301 23329 67 896 1928 940 2473 128891 1692 802 17786 70147 48 15197 160 41 56 426 436089
leaf_count=66 235 36424 2229 63333 7650 698 4084 7012 275946 11581 12473 2301 23329 67 896 1928 940 2473 128891 1692 802 17786 70147 48 15197 160 41 56 426 436089
internal_value=-3.42805e-13 0.000316624 -0.000103955 -0.000120164 0.000260557 0.000412344 0.000578394 0.000671769 -0.000138735 4.88863e-05 0.00024218 -0.000111016 0.000446348 0.000936055 0.00166778 0.00119377 0.00280702 0.000137276 0.000169298 -0.000312996 0.0007827 0.000834883 0.000253287 0.000520976 0.000535455 0.00401436 0.00692823 0.00257092 -0.00118477 -0.000158474
internal_weight=1.125e+06 278067 846933 827281 254987 114281 19652 43436 786949 74914 40332 14774 25558 23080 3999 2824 1175 140706 131364 9342 19081 18588 70845 19329 19281 323 107 216 493 712035
internal_count=1125000 278067 846933 827281 254987 114281 19652 43436 786949 74914 40332 14774 25558 23080 3999 2824 1175 140706 131364 9342 19081 18588 70845 19329 19281 323 107 216 493 712035
is_linear=0
shrinkage=0.1


Tree=57
num_leaves=31
num_cat=0
split_feature=5 1 0 0 1 4 0 0 4 4 4 1 2 1 0 2 2 0 0 2 1 3 0 0 0 0 1 1 4 1
split_gain=2.99935 0.785776 0.761102 0.480683 0.419309 0.278093 0.22861 0.223529 1.86069 0.386675 0.223401 0.266351 0.350303 0.259001 0.214832 0.213393 0.284078 0.207192 0.185982 0.214488 0.174313 0.173364 0.201477 0.188566 0.172953 0.171866 0.148563 0.143568 0.138053 0.133526
threshold=1.0000000180025095e-35 4.530515572885073 46.274216359937704 85.191059321447781 1.6232680226368095 1.0000000180025095e-35 248.49604926412792 414.8956391585902 1.0000000180025095e-35 1.0000000180025095e-35 1.0000000180025095e-35 77.378560262989367 100.22580313635579 76.112111933103776 194.80748006342415 70.387646198278262 64.644147145568709 18.958867754649308 4.4963213897204932 16.437510799667567 59.286908997697473 29.070563629475114 926.6598998756516 1360.8917695270893 231.66216653968007 293.75649745342179 4.1936115663625531 2.5971536299126865 1.0000000180025095e-35 104.25318576698284
decision_type=2 2 2 2 2 2 2 2 2 2 2 2 2 2 2 2 2 2 2 2 2 2 2 2 2 2 2 2 2 2
left_child=2 15 10 18 6 20 24 8 -6 -9 11 13 -13 -1 -7 16 17 -2 19 -3 -5 23 -23 -17 -4 -8 -18 -12 -20 -29
right_child=1 3 4 5 7 14 25 9 -10 -11 27 12 -14 -15 -16 21 26 -19 28 -21 -22 22 -24 -25 -26 -27 -28 29 -30 -31
leaf_value=0.00031310415010691868 0.0028290295212084547 0.0049810466607061541 0.00069728594986406649 0.00024990143722724813 -0.00015932707398706063 0.0012332714799194071 -0.0011999844193986179 -0.00011911250190017227 0.00066038150157338594 -0.00034166154335114776 0.0027017968228809693 0.00012180793668413502 -0.0039248904090820125 0.0079916842599314728 0.00038322652577007219 -6.1192023076805799e-05 0.0033342507479987532 0.0010170432113853791 0.00056607189375327302 0.0013023947861672087 6.6097535709463417e-05 0.0023421540639443753 -0.00013187197348358997 0.0034078265170026547 0.0027402617585923252 0.00021752024231274809 0.010555337455814644 0.00076059683637284836 0.0014012431523586159 0.0052582074172183206
leaf_weight=26777 678 211 6632 109934 183177 3237 977 490659 32624 92845 449 563 345 44 36474 3517 352 9113 12748 637 97231 866 531 164 442 6869 31 4463 2343 67
leaf_count=26777 678 211 6632 109934 183177 3237 977 490659 32624 92845 449 563 345 44 36474 3517 352 9113 12748 637 97231 866 531 164 442 6869 31 4463 2343 67
internal_value=8.26504e-12 0.000284962 -9.35594e-05 0.000244466 -0.000112559 0.000210103 0.000412692 -0.000122364 -3.54066e-05 -0.000154524 0.00037942 0.000268676 -0.00141576 0.000325701 0.000452517 0.000982771 0.00124703 0.00114252 0.000776713 0.00221772 0.000163635 0.000453319 0.00140178 9.33635e-05 0.000824936 4.10097e-05 0.00391873 0.000996174 0.000695739 0.000827118
internal_weight=1.125e+06 278067 846933 262815 814225 246876 14920 799305 215801 583504 32708 27729 908 26821 39711 15252 10174 9791 15939 848 207165 5078 1397 3681 7074 7846 383 4979 15091 4530
internal_count=1125000 278067 846933 262815 814225 246876 14920 799305 215801 583504 32708 27729 908 26821 39711 15252 10174 9791 15939 848 207165 5078 1397 3681 7074 7846 383 4979 15091 4530
is_linear=0
shrinkage=0.1


Tree=58
num_leaves=31
num_cat=0
split_feature=5 1 0 0 1 0 4 1 2 0 3 3 1 2 0 2 0 3 0 2 0 4 0 0 3 2 1 3 2 4
split_gain=2.42947 0.672114 0.646116 0.474393 0.400544 0.927567 1.5524 0.364299 0.313031 0.204245 0.203872 0.24493 0.239662 0.216573 0.189498 0.175126 0.211886 0.159129 0.151954 0.138831 0.138261 1.06129 0.611277 0.13088 0.178085 0.137928 0.130296 0.136874 0.114185 0.106924
threshold=1.0000000180025095e-35 2.2673636504417884 27.903107903807804 499.4584250600696 17.06261805620775 492.16667056395062 1.0000000180025095e-35 35.991588995506469 0.72482343342419686 435.24578305054064 2.1396337219371362 4.0858214631075027 1.9602588296656747 25.170544849241491 55.960329028050701 195.88280125161356 1545.1822358662043 70.373209021688695 18.958867754649308 185.66848801072936 299.94840935561297 1.0000000180025095e-35 382.32563257530609 4.4963213897204932 17.20608312955504 248.28760574368249 37.708888892187268 4.0858214631075027 11.247933294102788 1.0000000180025095e-35
decision_type=2 2 2 2 2 2 2 2 2 2 2 2 2 2 2 2 2 2 2 2 2 2 2 2 2 2 2 2 2 2
left_child=2 10 8 7 5 6 -4 9 26 -3 12 18 14 -13 -2 19 -17 -9 -12 -5 21 -6 -22 24 -10 -25 27 -1 -14 -7
right_child=1 3 4 15 20 29 -8 17 23 -11 11 13 28 -15 -16 16 -18 -19 -20 -21 22 -23 -24 25 -26 -27 -28 -29 -30 -31
leaf_value=0.0060887786881960552 0.0036527958806215031 0.0004932472369157284 4.676542979597512e-05 8.7673073547414116e-05 -0.00016264383205892899 -0.00026224223489450488 0.0010971462345821192 0.00019784678126947474 0.0016587608937956673 0.001129892206929212 0.0083083560690283779 0.00031211012048719931 -0.008954278143072451 0.0015727487058154591 -0.00036176069208269707 0.00053775246010899622 0.00015109643230563343 -0.00056478368022084408 0.0026967678236802903 -0.0003592419043369739 -0.00059189048459469453 0.00075855947634481192 -0.00012594759084787494 0.00030366057364463763 0.00012039118798830012 0.006679576381986194 0.011186464032479785 0.0015535666704810972 -0.0023551882606827551 -0.00067853900490345875
leaf_weight=99 146 57629 94697 102208 80897 39730 16526 24188 1828 5522 52 2041 37 4101 604 19696 50540 3085 670 7458 29694 14793 543640 16188 1279 34 21 203 90 7304
leaf_count=99 146 57629 94697 102208 80897 39730 16526 24188 1828 5522 52 2041 37 4101 604 19696 50540 3085 670 7458 29694 14793 543640 16188 1279 34 21 203 90 7304
internal_value=-5.38598e-12 0.000256466 -8.42035e-05 0.000230157 -9.76654e-05 4.54012e-05 0.000202836 0.000417011 0.000482497 0.000548916 0.0011752 0.00135864 -0.000260514 0.00115384 0.00041974 0.000136239 0.000259525 0.000111581 0.00310093 5.728e-05 -0.000131508 -2.02323e-05 -0.00015008 0.000430905 0.00102549 0.000317024 0.0035699 0.00304028 -0.00427776 -0.00032689
internal_weight=1.125e+06 278067 846933 270326 827281 158257 111223 90424 19652 63151 7741 6864 877 6142 750 179902 70236 27273 722 109666 669024 95690 573334 19329 3107 16222 323 302 127 47034
internal_count=1125000 278067 846933 270326 827281 158257 111223 90424 19652 63151 7741 6864 877 6142 750 179902 70236 27273 722 109666 669024 95690 573334 19329 3107 16222 323 302 127 47034
is_linear=0
shrinkage=0.1


Tree=59
num_leaves=31
num_cat=0
split_feature=5 0 0 1 1 4 0 2 1 2 0 1 2 4 1 2 1 0 4 1 2 1 1 4 0 0 3 0 0 1
split_gain=1.96787 0.571854 0.523354 0.352939 0.348773 0.274643 0.270271 0.253555 0.22775 0.208136 0.202837 0.186647 0.186527 0.1671 0.252889 0.162557 0.182532 0.154886 0.302176 0.152968 0.134261 0.128813 0.279354 0.127567 0.12666 0.119793 0.112588 0.111047 0.0935185 0.0786103
threshold=1.0000000180025095e-35 85.191059321447781 27.903107903807804 1.9602588296656747 4.1936115663625531 1.0000000180025095e-35 139.74452809196893 0.72482343342419686 17.06261805620775 91.486629790254554 4.4963213897204932 0.32162832209867892 233.92816047279587 1.0000000180025095e-35 2.2673636504417884 16.437510799667567 35.538194315256142 154.95007912577321 1.0000000180025095e-35 227.39829742027635 20.857266415446166 49.635159566491545 51.118452596669258 1.0000000180025095e-35 514.52054274332124 4.4963213897204932 69.139406789498196 362.59045339837536 189.70910812143933 34.314566448119407
decision_type=2 2 2 2 2 2 2 2 2 2 2 2 2 2 2 2 2 2 2 2 2 2 2 2 2 2 2 2 2 2
left_child=2 10 7 6 11 19 9 23 -7 -3 15 27 -8 26 -15 16 -2 18 -6 -5 -17 25 -23 29 -13 -9 -12 -4 -19 -1
right_child=1 3 4 5 17 8 12 21 -10 -11 13 24 -14 14 -16 20 -18 28 -20 -21 -22 22 -24 -25 -26 -27 -28 -29 -30 -31
leaf_value=0.001945208128096803 0.0034458755830768955 0.002374964616124266 0.0013269485358028549 0.00013491086239334453 -5.170733857653064e-05 0.00095927377098833401 0.00055358976025584065 0.0010763382361035059 0.00031057503031573815 0.011302389994401623 0.00061248485912508059 0.00024450938681883658 0.0037095778333070708 0.0044455917944956338 0.00109502863979003 -0.0026501638886208337 0.012942394300956617 -0.00032989493415893744 0.0005038426781517199 -0.0011915224592440377 0.0018090611829817832 -0.0045877608644037419 -3.7887301980257279e-05 0.0083533021638036841 -0.00017605742724318872 0.0003616338297242061 -0.00063677661902927611 0.00011677411964182957 -0.00011081935078210014 0.0080464604675121922
leaf_weight=258 253 797 2211 211966 63333 6422 4205 2800 34419 27 14569 27254 196 247 2560 75 22 20050 11581 873 677 145 1946 42 9713 14438 759 1154 691985 23
leaf_count=258 253 797 2211 211966 63333 6422 4205 2800 34419 27 14569 27254 196 247 2560 75 22 20050 11581 873 677 145 1946 42 9713 14438 759 1154 691985 23
internal_value=-1.04659e-12 0.000230819 -7.57831e-05 0.000191805 -8.78988e-05 0.000175049 0.00100535 0.000434248 0.000412579 0.00266749 0.000757949 0.00019891 0.000694143 0.000680525 0.00138986 0.00212513 0.0042056 -0.000102598 3.41755e-05 0.00012947 0.00136432 0.000387814 -0.000353397 0.00321291 0.000134006 0.000477725 0.000550625 0.000911929 -0.000116988 0.0024446
internal_weight=1.125e+06 278067 846933 258905 827281 253680 5225 19652 40841 824 19162 40332 4401 18135 2807 1027 275 786949 74914 212839 752 19329 2091 323 36967 17238 15328 3365 712035 281
internal_count=1125000 278067 846933 258905 827281 253680 5225 19652 40841 824 19162 40332 4401 18135 2807 1027 275 786949 74914 212839 752 19329 2091 323 36967 17238 15328 3365 712035 281
is_linear=0
shrinkage=0.1


Tree=60
num_leaves=31
num_cat=0
split_feature=5 0 0 1 1 4 0 2 2 4 0 0 2 2 1 0 0 3 1 1 1 3 2 3 4 1 0 4 0 3
split_gain=1.59398 0.477859 0.423917 0.367724 0.293661 0.24016 0.241046 0.226393 0.20538 0.199515 0.898183 0.495927 0.147698 0.21762 0.578712 0.158277 0.130643 0.221097 0.16048 0.125598 0.124593 0.175576 0.123646 0.120275 0.103329 0.10026 1.14831 1.04515 0.078579 0.0711773
threshold=1.0000000180025095e-35 499.4584250600696 27.903107903807804 35.991588995506469 7.5581217649989085 1.0000000180025095e-35 435.24578305054064 197.38082421748931 0.72482343342419686 1.0000000180025095e-35 305.93431174361984 375.45669354078956 200.48118684052895 202.02411607787181 106.1258055221565 820.66282914857914 18.958867754649308 0.82143186982114946 227.39829742027635 149.49782056703552 0.65066894526553487 6.1424017665466293 98.030554611905373 4.5982103553523883 1.0000000180025095e-35 46.73334944630767 395.25623469657438 1.0000000180025095e-35 14.108436749205056 20.260680327264467
decision_type=2 2 2 2 2 2 2 2 2 2 2 2 2 2 2 2 2 2 2 2 2 2 2 2 2 2 2 2 2 2
left_child=2 3 8 5 9 6 -2 -7 24 11 -11 -4 20 14 -14 -15 17 -5 -18 23 21 -3 -22 -10 29 27 -27 -6 -21 -1
right_child=1 12 4 16 25 7 -8 -9 19 10 -12 -13 13 15 -16 -17 18 -19 -20 28 22 -23 -24 -25 -26 26 -28 -29 -30 -31
leaf_value=0.0016706749784443601 0.00036664445145664649 0.0057836866485612357 0.00025957376939795553 -0.0081999225891195241 -0.00013258270717409975 0.00091483492897072359 0.0010997944469950105 0.010846331468580859 -0.00012003940864280905 -0.00029338672543821181 0.0015359081465597 -0.00033192168279154704 0.0029726090546197009 0.0015539643442971877 -0.0024539091883119769 0.00018925391373243134 4.9419743845166305e-05 0.0015301386699321624 -0.00481483405969544 2.7462609577924015e-05 0.00019992862149773973 0.00075853193109898936 -2.9970381848840236e-05 0.00049122670600453672 0.0075179719233087125 -0.00066525497318036409 -7.9582890948859744e-05 0.00036623202338433936 -0.008179449270080243 0.0069842252181842928
leaf_weight=253 52885 85 38806 24 270045 11150 4900 23 4084 6128 4776 22332 805 861 260 65566 26314 867 68 20 32898 382 80979 15197 42 36544 398908 49742 28 28
leaf_count=253 52885 85 38806 24 270045 11150 4900 23 4084 6128 4776 22332 805 861 260 65566 26314 867 68 20 32898 382 80979 15197 42 36544 398908 49742 28 28
internal_value=-8.12831e-12 0.000207737 -6.82048e-05 0.000387939 -7.9109e-05 0.000510874 0.000428813 0.000935279 0.000390823 0.000113797 0.000507852 4.3517e-05 0.000112371 0.000229679 0.00164783 0.000206943 7.71039e-05 0.00126805 3.68821e-05 0.000349033 4.313e-05 0.00167317 3.64453e-05 0.000361752 0.00289162 -9.75102e-05 -0.000128734 -5.49934e-05 -0.0047599 0.00220014
internal_weight=1.125e+06 278067 846933 96231 827281 68958 57785 11173 19652 72042 10904 61138 181836 67492 1065 66427 27273 891 26382 19329 114344 467 113877 19281 323 755239 435452 319787 48 281
internal_count=1125000 278067 846933 96231 827281 68958 57785 11173 19652 72042 10904 61138 181836 67492 1065 66427 27273 891 26382 19329 114344 467 113877 19281 323 755239 435452 319787 48 281
is_linear=0
shrinkage=0.1


Tree=61
num_leaves=31
num_cat=0
split_feature=5 1 0 1 4 0 0 1 4 2 0 3 2 2 1 2 4 0 3 4 0 1 1 1 0 2 1 3 1 0
split_gain=1.29112 0.422739 0.408246 1.38674 0.810362 1.89024 0.519433 0.343098 0.267077 0.255757 0.240927 0.23129 0.191301 0.200764 0.253515 0.18684 0.183283 0.201157 0.166523 0.152422 2.40241 8.96178 0.577434 0.51994 0.177692 0.152021 0.134424 0.133719 0.396936 0.333247
threshold=1.0000000180025095e-35 6.9111874288638404 362.59045339837536 49.635159566491545 1.0000000180025095e-35 293.75649745342179 259.70048576135378 0.97502496770627911 1.0000000180025095e-35 115.64129713328326 9.1786832152300537 29.342629013985597 67.524859873536329 27.800711239718872 1.9602588296656747 2.8534081884564295 1.0000000180025095e-35 1857.8802479333947 30.17939106289251 1.0000000180025095e-35 484.77604655912592 37.241774978905376 35.142033136153387 30.61838812555165 470.45223873665543 19.997940019516012 227.39829742027635 62.233851052915035 3.8896920106905677 2148.4550096730877
decision_type=2 2 2 2 2 2 2 2 2 2 2 2 2 2 2 2 2 2 2 2 2 2 2 2 2 2 2 2 2 2
left_child=2 12 3 4 7 -6 9 -1 -8 -5 11 25 13 15 -15 -2 26 -18 -13 22 21 -21 24 -22 -4 -3 -12 29 -29 -14
right_child=1 10 19 6 5 -7 8 -9 -10 -11 16 18 27 14 -16 -17 17 -19 -20 20 23 -23 -24 -25 -26 -27 -28 28 -30 -31
leaf_value=0.00082204571446015866 0.0016464855777336034 0.0021041560196742993 -0.00049175504900502267 -0.00014363744510576513 0.00029122349679766655 0.0024954045887311187 -0.00094900819590385812 3.6460427509374174e-05 -0.0023943924853361276 -0.0011167447005223804 0.00011020517824575688 0.012305091144517064 0.00028511340355365011 0.0022317400529197002 0.00083585974100364104 0.00030390183250191943 0.00042690404613103072 -0.00021074462757037085 0.0029544155063214983 0.0037068687925533232 -0.00091513626635249018 -0.0027561269019636108 -2.2303515952067305e-05 -0.00026902035606079448 -0.00020527698663252831 -0.00027988076588668316 -0.0011268983657017856 0.00098382991291732797 -0.0042498863703157334 0.013210606290958821
leaf_weight=5754 1206 438 27730 17863 25786 4582 8366 164422 1509 3182 211843 20 7490 1818 4576 7377 34955 5763 399 5806 14997 3403 391293 73469 98771 687 882 341 252 20
leaf_count=5754 1206 438 27730 17863 25786 4582 8366 164422 1509 3182 211843 20 7490 1818 4576 7377 34955 5763 399 5806 14997 3403 391293 73469 98771 687 882 341 252 20
internal_value=2.59931e-12 0.000186964 -6.13843e-05 5.18291e-05 0.00014794 0.000623796 -0.000571534 6.30227e-05 -0.00116988 -0.000290771 0.000149868 0.00139524 0.000596792 0.000808556 0.00123275 0.000492549 0.000142281 0.000336655 0.00340075 -0.000103961 -0.000218541 0.0013186 -8.23474e-05 -0.000378552 -0.000268075 0.000648304 0.000105076 0.000205384 -0.00124028 0.000319535
internal_weight=1.125e+06 278067 846933 231464 200544 30368 30920 170176 9875 21045 254987 1544 23080 14977 6394 8583 253443 40718 419 615469 97675 9209 517794 88466 126501 1125 212725 8103 593 7510
internal_count=1125000 278067 846933 231464 200544 30368 30920 170176 9875 21045 254987 1544 23080 14977 6394 8583 253443 40718 419 615469 97675 9209 517794 88466 126501 1125 212725 8103 593 7510
is_linear=0
shrinkage=0.1


Tree=62
num_leaves=31
num_cat=0
split_feature=5 0 0 1 4 0 0 1 1 3 4 4 0 0 0 0 2 1 4 0 1 1 1 0 2 2 3 3 3 0
split_gain=1.04581 0.383351 0.330679 1.12326 0.656394 1.5311 0.420741 0.291043 0.229375 0.225537 0.216332 0.181677 0.175916 0.160251 0.16224 0.138875 0.127492 0.142438 0.123462 1.96166 7.97955 0.467722 0.357442 0.143931 0.121249 0.119792 0.408464 0.217883 0.1154 0.0915531
threshold=1.0000000180025095e-35 85.191059321447781 362.59045339837536 49.635159566491545 1.0000000180025095e-35 293.75649745342179 259.70048576135378 0.32162832209867892 0.97502496770627911 248.11925831338098 1.0000000180025095e-35 1.0000000180025095e-35 1875.9624545808304 1759.7960425739955 90.078109678082285 4.4963213897204932 16.437510799667567 35.538194315256142 1.0000000180025095e-35 470.45223873665543 40.779558504706685 35.142033136153387 30.61838812555165 470.45223873665543 98.030554611905373 94.68206208967689 69.139406789498196 21.83538262001883 1.9751030270145933 382.32563257530609
decision_type=2 2 2 2 2 2 2 2 2 2 2 2 2 2 2 2 2 2 2 2 2 2 2 2 2 2 2 2 2 2
left_child=2 15 3 4 7 -6 9 -1 13 -5 -8 24 -13 14 -3 16 17 -2 21 20 -20 23 -21 -4 -10 26 -17 -27 -18 -23
right_child=1 8 18 6 5 -7 10 -9 11 -11 -12 12 -14 -15 -16 25 28 -19 19 22 -22 29 -24 -25 -26 27 -28 -29 -30 -31
leaf_value=0.0012241552321473918 0.0029024718572724273 0.0067859499566653315 -0.00044257953833603007 -0.00028266396252556462 0.00026210114646598175 0.0022458641296231774 -0.0008541073702061381 4.2070767907555444e-05 0.0001849553014094923 0.0048488938845260895 -0.0021549533515375675 0.00040118923942531089 -0.00020005648081362302 0.0074206258444927441 0.00085758166367338226 0.00053551412593658436 -0.0033963787507403781 0.011291437742131 0.003417231331890347 -0.00076888013060789873 -0.00330558696707366 -0.00055538833384663944 -0.00024058182907718873 -0.00018474929021595218 3.0544964629110724e-05 0.0061274389905462932 -0.0032307306553396864 0.0011151958813351518 0.0014019117430022607 -1.5702360726322432e-05
leaf_weight=2109 253 47 27730 20959 25786 4582 8366 168067 82548 86 1509 35594 5637 39 2590 16751 54 22 5574 15486 2584 3169 74031 98771 132450 95 293 996 698 388124
leaf_count=2109 253 47 27730 20959 25786 4582 8366 168067 82548 86 1509 35594 5637 39 2590 16751 54 22 5574 15486 2584 3169 74031 98771 132450 95 293 996 698 388124
internal_value=-2.20991e-12 0.000168267 -5.52459e-05 4.66462e-05 0.000133146 0.000561416 -0.00051438 5.67204e-05 0.000136324 -0.000261694 -0.00105289 0.000126705 0.000318988 0.00105735 0.000963245 0.000599859 0.00173113 0.00357359 -9.35652e-05 -0.000196687 0.00128782 -7.41127e-05 -0.000331975 -0.000241268 8.98305e-05 0.000535795 0.000470769 0.00155164 0.00105735 -2.00732e-05
internal_weight=1.125e+06 278067 846933 231464 200544 30368 30920 170176 258905 21045 9875 256229 41231 2676 2637 19162 1027 275 615469 97675 8158 517794 89517 126501 214998 18135 17044 1091 752 391293
internal_count=1125000 278067 846933 231464 200544 30368 30920 170176 258905 21045 9875 256229 41231 2676 2637 19162 1027 275 615469 97675 8158 517794 89517 126501 214998 18135 17044 1091 752 391293
is_linear=0
shrinkage=0.1


Tree=63
num_leaves=31
num_cat=0
split_feature=5 1 0 0 0 0 3 0 1 0 0 2 0 0 1 0 2 1 1 3 0 3 2 1 1 1 0 0 1 3
split_gain=0.847104 0.324557 0.322262 0.305577 0.254594 0.753313 0.333167 0.250796 0.355164 0.28106 0.233089 0.228609 0.220405 0.212043 0.196439 0.180884 0.164213 0.153069 0.1422 0.105209 0.152554 0.128902 0.0994333 0.178731 0.11983 0.0939162 0.935722 0.329889 0.0932341 0.114039
threshold=1.0000000180025095e-35 50.598730019893615 368.57110927176376 27.903107903807804 356.19800766258339 402.01531791186449 120.58203218625364 435.24578305054064 24.200582900312643 462.91425462023307 265.54131666192279 224.12601813153626 184.70044108233398 362.59045339837536 2.9210869220821434 9.1786832152300537 0.72482343342419686 4.1936115663625531 51.118452596669258 12.79548264017698 243.1352231368746 3.9319603055605303 239.9133628350167 152.40834338241191 78.664265459579426 28.206274442567771 492.16667056395062 408.82488804754718 37.708888892187268 4.0858214631075027
decision_type=2 2 2 2 2 2 2 2 2 2 2 2 2 2 2 2 2 2 2 2 2 2 2 2 2 2 2 2 2 2
left_child=3 2 13 16 10 6 -6 8 -4 -9 12 -12 -3 15 19 -2 28 -15 -7 21 -21 -5 23 -18 -24 26 -16 -27 29 -1
right_child=1 4 7 14 5 18 -8 9 -10 -11 11 -13 -14 17 25 -17 22 -19 -20 20 -22 -23 24 -25 -26 27 -28 -29 -30 -31
leaf_value=0.0049107687846484662 0.0013843985592473301 -0.00055870680527834722 0.00021956123278319523 0.00038715996553905397 0.0020135151475124671 -0.0011871261010262812 0.0098751007030451945 0.0010638810580591125 -0.0010542736145173911 0.00013615818439282316 -0.001125634676521358 -0.0078860285007120931 0.00065659760369669211 0.0065742639265259474 0.00013437826587435497 0.00037119702115645737 0.00030395646268085481 0.0015951981368990027 6.0706896496960521e-05 0.00080201575548652241 0.00012745243067376579 -0.00023521803535421254 -4.0831854746032222e-05 -0.0068485870305448771 0.0096555933896452194 -0.00026932338628754977 -0.00029665584737295723 -5.7602115869612267e-05 0.0090190471549119276 0.00077111700356460823
leaf_weight=99 1813 4412 4613 5454 1442 920 56 3440 4165 64414 2605 51 2255 67 147178 62654 19243 787 124373 5558 8449 8536 26 35 25 86634 76565 488907 21 203
leaf_count=99 1813 4412 4613 5454 1442 920 56 3440 4165 64414 2605 51 2255 67 147178 62654 19243 787 124373 5558 8449 8536 26 35 25 86634 76565 488907 21 203
internal_value=-2.41448e-12 0.00015144 0.000257232 -4.97213e-05 4.1111e-05 7.81967e-05 0.00230741 0.000118123 -0.00038485 0.000183191 -0.000463247 -0.00125545 -0.000147651 0.000420428 -5.89792e-05 0.000399691 0.000340004 0.00198583 5.15443e-05 0.000201386 0.00039512 7.41596e-06 0.000302637 0.000290971 0.00471232 -6.80992e-05 -1.31219e-05 -8.94717e-05 0.00257617 0.00212816
internal_weight=1.125e+06 278067 141953 846933 136114 126791 1498 76632 8778 67854 9323 2656 6667 65321 827281 64467 19652 854 125293 27997 14007 13990 19329 19278 51 799284 223743 575541 323 302
internal_count=1125000 278067 141953 846933 136114 126791 1498 76632 8778 67854 9323 2656 6667 65321 827281 64467 19652 854 125293 27997 14007 13990 19329 19278 51 799284 223743 575541 323 302
is_linear=0
shrinkage=0.1


Tree=64
num_leaves=30
num_cat=0
split_feature=5 1 0 3 2 1 3 1 0 2 3 3 1 2 0 1 4 0 3 2 3 1 0 0 0 0 2 3 3
split_gain=0.686155 0.281361 0.252878 0.258231 0.345599 0.290161 0.202675 0.196168 0.192594 0.218466 0.172585 0.194167 0.180664 0.163195 0.153705 0.152867 0.151044 0.176582 0.142606 0.142006 0.131627 0.125532 0.826882 0.263093 0.114869 0.095131 0.0860396 0.0973919 0.0325226
threshold=1.0000000180025095e-35 2.2673636504417884 14.108436749205056 17.415946881945324 107.71244188556626 103.28495603520588 29.890655072299751 0.65066894526553487 27.903107903807804 1.0000000180025095e-35 2.1396337219371362 4.0858214631075027 1.9602588296656747 25.170544849241491 55.960329028050701 17.419682217116993 1.0000000180025095e-35 194.80748006342415 6.3241828650659686 141.37895796341977 49.157041511221003 28.206274442567771 492.16667056395062 408.82488804754718 1759.7960425739955 51.02043124327782 1.0000000180025095e-35 3.5935557640380744 5.2950531357905861
decision_type=2 2 2 2 2 2 2 2 2 2 2 2 2 2 2 2 2 2 2 2 2 2 2 2 2 2 2 2 2
left_child=2 10 3 4 5 -1 15 26 9 -3 12 19 14 -13 -2 -5 24 -18 -11 -12 -8 22 -9 -23 -10 -14 28 -28 -4
right_child=1 8 7 6 -6 -7 20 21 16 18 11 13 25 -15 -16 -17 17 -19 -20 -21 -22 23 -24 -25 -26 -27 27 -29 -30
leaf_value=0.00087829910037563015 0.0029121357118726825 -0.0094862637997028387 -0.0058088144320728521 2.9120050376624322e-05 0.013115215605205816 -0.010139827647556861 0.0011456417755315526 0.0001301876659925608 4.2807543686312563e-05 0.0015569310278288357 0.0020520264209409503 -1.3517018372561676e-05 -0.0096064106151461607 0.0010807966375180863 -0.00070345337662247587 -0.0018202966255209359 0.00081917056687041436 0.00020260465320353174 0.00042758864764021545 0.0073833679730779733 -0.00040995720647981769 -0.00023840846254083361 -0.00025579963864224062 -5.184190015838609e-05 0.00024046355145121998 -0.0027231743052492248 0.0013269339258953259 0.00033987474995035794 -0.0010307488730177284
leaf_weight=5818 146 21 28 844 23 24 1269 169597 187252 1531 668 2041 25 4101 604 950 5308 37189 4146 54 952 89409 82498 488907 34879 102 1229 5356 29
leaf_count=5818 146 21 28 844 23 24 1269 169597 187252 1531 668 2041 25 4101 604 950 5308 37189 4146 54 952 89409 82498 488907 34879 102 1229 5356 29
internal_value=1.07466e-11 0.000136296 -4.47492e-05 0.000458206 0.0008812 0.000833035 -0.000159692 -5.06857e-05 0.000119274 0.000694495 0.000730729 0.000899507 -0.000590237 0.000717154 3.81299e-07 -0.000950225 0.000106889 0.000279616 0.000732155 0.00245077 0.000478856 -5.50152e-05 3.87346e-06 -8.06855e-05 7.38435e-05 -0.00407814 0.00049061 0.000524096 -0.00337787
internal_weight=1.125e+06 278067 846933 9880 5865 5842 4015 837053 270326 5698 7741 6864 877 6142 750 1794 264628 42497 5677 722 2221 830411 252095 578316 222131 127 6642 6585 57
internal_count=1125000 278067 846933 9880 5865 5842 4015 837053 270326 5698 7741 6864 877 6142 750 1794 264628 42497 5677 722 2221 830411 252095 578316 222131 127 6642 6585 57
is_linear=0
shrinkage=0.1


Tree=65
num_leaves=29
num_cat=0
split_feature=5 1 0 0 3 3 0 0 1 0 2 0 1 0 4 0 1 2 1 2 4 1 2 3 0 1 0 1
split_gain=0.555785 0.254417 0.243149 0.21465 0.232128 0.220233 0.209529 0.456057 0.415026 0.230084 0.263486 0.202595 0.284612 0.228482 0.177913 0.174343 0.16828 0.152828 0.144322 0.13857 0.130505 0.0954137 0.101724 0.159149 0.132874 0.100162 0.180824 0.0803645
threshold=1.0000000180025095e-35 50.598730019893615 368.57110927176376 66.086964124052528 248.11925831338098 151.92703023451793 343.36845950471792 402.01531791186449 89.204573621619048 276.99197801532733 244.10855512452784 435.24578305054064 24.200582900312643 462.91425462023307 1.0000000180025095e-35 362.59045339837536 111.30080391309491 57.460254981974074 48.142049189358758 13.907950996290522 1.0000000180025095e-35 1.6232680226368095 53.895635736287879 1.1486605085622197 80.447346599252143 1.9602588296656747 85.191059321447781 2.9210869220821434
decision_type=2 2 2 2 2 2 2 2 2 2 2 2 2 2 2 2 2 2 2 2 2 2 2 2 2 2 2 2
left_child=3 2 15 4 5 14 9 8 -8 17 -11 12 -4 -13 -1 20 -7 -3 -17 -9 -2 22 23 -5 -24 26 -23 -27
right_child=1 6 11 21 -6 16 7 19 -10 10 -12 13 -14 -15 -16 18 -18 -19 -20 -21 -22 25 24 -25 -26 27 -28 -29
leaf_value=9.5157279546220872e-05 0.00027706232049751065 -0.00062533131276369149 0.0001844946272254643 -0.0011324777174260966 0.0081954700458380918 -0.0038683434226713361 0.00084437070749240949 -0.00077626640607013635 0.0045038834118615624 -0.0012727632495468679 -0.011407965398393572 0.00094803214713317361 -0.00095582035426618704 0.00011157445441372282 0.00064074983452176249 0.0015564681181378373 0.0034354037894691169 0.00031069011647925947 0.009422410842186462 4.8172564721059051e-05 0.00066462831175246369 -0.0041740824331918053 -0.0041859488686522804 0.0005889598237844145 -3.3680469211628694e-05 0.00025471875422292307 -0.00047245913214528484 -5.822087033046296e-05
leaf_weight=39140 54117 3637 4613 582 36 214 1509 2073 390 1907 26 3440 4165 64414 7054 830 37 3352 24 123220 10350 139 78 6955 6445 8294 2609 775350
leaf_count=39140 54117 3637 4613 582 36 214 1509 2073 390 1907 26 3440 4165 64414 7054 830 37 3352 24 123220 10350 139 78 6955 6445 8294 2609 775350
internal_value=-1.821e-12 0.000122667 0.000216332 -4.02743e-05 0.000168642 0.00016242 2.49837e-05 5.7844e-05 0.00159593 -0.000443473 -0.00140909 9.54989e-05 -0.000356564 0.00015398 0.000178471 0.000358088 -0.0027917 -0.000176405 0.00177753 3.4532e-05 0.000339285 -5.24057e-05 0.000205799 0.000456032 -8.3332e-05 -5.70221e-05 -0.000659696 -5.49088e-05
internal_weight=1.125e+06 278067 141953 846933 46481 46445 136114 127192 1899 8922 1933 76632 8778 67854 46194 65321 251 6989 854 125293 64467 800452 14060 7537 6523 786392 2748 783644
internal_count=1125000 278067 141953 846933 46481 46445 136114 127192 1899 8922 1933 76632 8778 67854 46194 65321 251 6989 854 125293 64467 800452 14060 7537 6523 786392 2748 783644
is_linear=0
shrinkage=0.1


Tree=66
num_leaves=31
num_cat=0
split_feature=5 0 0 1 1 2 3 1 1 3 0 3 1 3 0 2 1 1 1 1 2 2 2 1 0 0 1 2 1 3
split_gain=0.450186 0.222703 0.187798 0.176025 0.152555 0.151352 0.343841 0.172524 0.128097 0.286833 0.325869 0.30555 0.16307 0.38487 0.12284 0.243362 0.139967 0.121374 0.120662 0.172021 0.225696 0.180244 0.1151 0.113246 0.675663 0.225518 0.0971423 0.333933 0.1115 0.0948239
threshold=1.0000000180025095e-35 75.688736751726523 9.1786832152300537 0.65066894526553487 0.32162832209867892 94.68206208967689 91.289262338753772 7.2124281949065869 199.96191298619021 54.000156538810984 449.02249769606789 84.569543143365493 187.99301825466969 25.959192509848581 18.958867754649308 27.800711239718872 0.32162832209867892 50.598730019893615 79.311366388674159 98.793122498996695 126.13908276309181 116.81606152378988 1.0000000180025095e-35 28.206274442567771 470.45223873665543 408.82488804754718 2.9210869220821434 62.780559807927936 3.2130181627331393 3.5935557640380744
decision_type=2 2 2 2 2 2 2 2 2 2 2 2 2 2 2 2 2 2 2 2 2 2 2 2 2 2 2 2 2 2
left_child=2 3 18 14 22 6 -5 -7 12 10 -10 -11 17 -14 15 -2 -16 -3 26 20 -20 -21 -4 24 -6 -25 27 -1 -28 -24
right_child=1 8 4 5 23 7 -8 -9 9 11 -12 -13 13 -15 16 -17 -18 -19 19 21 -22 -23 29 25 -26 -27 28 -29 -30 -31
leaf_value=0.0010788399766267366 0.001331518120508941 0.00015866434329436511 -0.0039682835783120636 0.00036293650842405856 0.00012834596779717839 -0.0031611635149653319 -0.0065636428541943643 0.0019506540508412993 0.010592343736636013 -0.0031879028627651049 0.00079915322137799269 -0.0002836059469125039 -0.0067093939312987717 0.0019115253742896276 -0.00051818800447913467 0.010575671624083415 0.0036068910729880328 2.1499718809306831e-05 -0.0023592512788806596 -0.0023857837651876062 -0.014023006512295634 0.00753546456235199 0.0017094950385504273 -0.00021271929017760308 -0.00021348347698794281 -4.0835625287208775e-05 -0.0033180500646360599 0.0095658285124227416 0.0004895371892263855 0.00041987815860915597
leaf_weight=637 68 126723 54 15503 169924 71 72 942 38 555 321 1043 55 886 174 49 156 131411 79 47 21 30 717 90456 87652 488907 78 50 5497 2784
leaf_count=637 68 126723 54 15503 169924 71 72 942 38 555 321 1043 55 886 174 49 156 131411 79 47 21 30 717 90456 87652 488907 78 50 5497 2784
internal_value=-8.14807e-12 0.0001104 -3.62468e-05 0.00046072 -4.03684e-05 0.000407951 0.000330916 0.00159237 8.75382e-05 -0.000718472 0.00183576 -0.00129229 9.36266e-05 0.00140765 0.00241893 0.005203 0.00143185 8.88365e-05 0.000501749 -0.00207306 -0.00480864 0.00147964 0.000613322 -4.3145e-05 1.20229e-05 -6.76718e-05 0.000574527 0.00169652 0.000436265 0.00068399
internal_weight=1.125e+06 278067 846933 17035 840494 16588 15575 1013 261032 1957 359 1598 259075 941 447 117 330 258134 6439 177 100 77 3555 836939 257576 579363 6262 687 5575 3501
internal_count=1125000 278067 846933 17035 840494 16588 15575 1013 261032 1957 359 1598 259075 941 447 117 330 258134 6439 177 100 77 3555 836939 257576 579363 6262 687 5575 3501
is_linear=0
shrinkage=0.1


Tree=67
num_leaves=31
num_cat=0
split_feature=5 1 0 3 2 3 3 1 0 2 3 0 2 2 0 2 4 0 1 3 1 0 2 1 4 4 0 2 3 2
split_gain=0.364651 0.198314 0.155585 0.208279 0.280803 0.245651 0.178893 0.144637 0.141973 0.295366 0.237303 0.166222 0.160029 0.145838 0.137458 0.130093 0.1227 0.144053 0.121055 0.111727 0.110225 0.10294 0.0890748 0.080573 0.65579 0.519047 0.0753525 0.288032 0.06858 0.0567528
threshold=1.0000000180025095e-35 2.2673636504417884 14.108436749205056 17.826984936283285 107.71244188556626 4.7724372814904621 29.890655072299751 3.8896920106905677 139.74452809196893 37.18909185191152 1.8045293519870003 149.91895994542452 2.8534081884564295 233.92816047279587 4.4963213897204932 16.437510799667567 1.0000000180025095e-35 194.80748006342415 0.65066894526553487 19.816702535711254 18.149505439918183 1759.7960425739955 20.857266415446166 46.73334944630767 1.0000000180025095e-35 1.0000000180025095e-35 41.866304770595072 17.311117086139586 43.817272142045489 4.2882186945595278
decision_type=2 2 2 2 2 2 2 2 2 2 2 2 2 2 2 2 2 2 2 2 2 2 2 2 2 2 2 2 2 2
left_child=2 8 3 4 5 -1 7 -5 9 12 -11 29 -2 -13 15 19 21 -18 26 -3 -8 -16 -17 24 -20 -25 27 -4 -28 -10
right_child=1 14 18 6 -6 -7 20 -9 11 10 -12 13 -14 -15 16 22 17 -19 23 -21 -22 -23 -24 25 -26 -27 28 -29 -30 -31
leaf_value=-0.00014887046286860516 0.0029534491164668118 0.0024962463376361358 0.0042452762759739521 -0.0035104817206837967 0.011762105812427447 0.0011836440374993476 -0.00058090101937535103 -0.00064103875173482264 -0.0080221755430102352 -0.0036202182706732023 0.0033868817897703854 0.00026526071323798925 0.00019314308946994928 0.0028387835367231981 2.2548934722740288e-05 -0.0028140913538189363 0.00068660294442412324 0.00016141664516181468 -6.3042013785854793e-05 0.0091085863974073849 0.00089934686735817333 0.00020935359591854041 0.00097476163392847025 -2.2872338872392834e-05 0.00029404289327460034 -0.00032109940123799702 0.00017065700471092675 -0.00062523655197670018 0.0012049411911428871 -0.0022751517895514672
leaf_weight=2194 240 215 222 199 23 3745 770 1498 20 52 685 4709 1682 231 191253 69 6076 37189 332903 29 1451 34879 616 367296 60828 69384 5425 268 727 122
leaf_count=2194 240 215 222 199 23 3745 770 1498 20 52 685 4709 1682 231 191253 69 6076 37189 332903 29 1451 34879 616 367296 60828 69384 5425 268 727 122
internal_value=-9.78477e-12 9.93601e-05 -3.26221e-05 0.000361888 0.000734092 0.000691383 -0.000204493 -0.000977526 0.000598413 0.00119047 0.00289249 0.000288638 0.000537822 0.000385602 8.50693e-05 0.00129938 8.08818e-05 0.000235172 -3.72787e-05 0.00328214 0.000386159 5.1362e-05 0.000593111 -4.06798e-05 -7.87552e-06 -7.02576e-05 0.00038794 0.0015814 0.000292881 -0.00308459
internal_weight=1.125e+06 278067 846933 9880 5962 5939 3918 1697 7741 2659 737 5082 1922 4940 270326 929 269397 43265 837053 244 2221 226132 685 830411 393731 436680 6642 490 6152 142
internal_count=1125000 278067 846933 9880 5962 5939 3918 1697 7741 2659 737 5082 1922 4940 270326 929 269397 43265 837053 244 2221 226132 685 830411 393731 436680 6642 490 6152 142
is_linear=0
shrinkage=0.1


Tree=68
num_leaves=31
num_cat=0
split_feature=5 1 1 0 3 2 3 2 2 3 0 0 2 1 3 2 0 3 0 0 0 0 3 0 4 0 0 1 2 0
split_gain=0.295367 0.175399 0.138506 0.153597 0.159526 0.36682 0.149269 0.131038 0.156022 0.15734 0.115357 0.235623 0.180746 0.113072 0.111714 0.307168 0.270628 0.110983 0.0992458 0.125433 0.0973633 0.0859553 0.191649 0.0829912 0.192744 0.341892 0.14416 0.223077 0.139002 0.109206
threshold=1.0000000180025095e-35 6.9111874288638404 5.5557879182825234 60.929994445440563 43.419153827236521 42.341400818234497 1.4893810135112406 67.524859873536329 60.994172825197147 71.666555324106113 154.95007912577321 194.80748006342415 38.814992270645611 227.39829742027635 62.233851052915035 73.302360851082042 2148.4550096730877 25.20136532202044 375.45669354078956 237.45570662658858 4379.8908019291694 9.1786832152300537 29.342629013985597 154.95007912577321 1.0000000180025095e-35 119.76649817843155 189.70910812143933 47.683190163873981 264.77786249002287 200.05875797248453
decision_type=2 2 2 2 2 2 2 2 2 2 2 2 2 2 2 2 2 2 2 2 2 2 2 2 2 2 2 2 2 2
left_child=2 7 3 4 6 -6 -1 8 17 -10 12 -12 -5 21 16 -16 -9 -2 19 -15 -20 22 -3 24 28 -26 27 -25 -4 -28
right_child=1 13 23 10 5 -7 -8 14 9 -11 11 -13 -14 18 15 -17 -18 -19 20 -21 -22 -23 -24 26 25 -27 29 -29 -30 -31
leaf_value=-0.00055714631998891157 0.00060710974410512419 0.00013541302687178057 -1.6667138000816092e-05 3.5837242899984607e-05 -0.0071079686633311219 7.5214522618586457e-05 0.00077005008092713347 0.000102781472042887 0.0015332845395824345 0.0071840692924353177 0.00083342900974034927 4.7325310138098679e-05 -0.00081161058967161139 -0.00093218581034586992 -0.0092341726852787874 -0.00063970782981799274 0.011750759256538006 -5.6475004274319868e-05 -0.00026009218304198491 -0.011465946808457375 -0.0026942578335233587 6.5264134742087771e-05 0.0026452826057690279 -0.00017056380930778102 0.00012978652979630454 0.0013418042952189897 0.00039243047784534053 -0.001090233815820093 0.0037910045836724751 -4.7689517236238314e-05
leaf_weight=961 10949 1125 73266 8463 88 370 7170 7490 701 53 4328 32039 3582 26 45 548 20 3274 797 20 207 252395 417 16002 10417 2997 5685 3158 96 678311
leaf_count=961 10949 1125 73266 8463 88 370 7170 7490 701 53 4328 32039 3582 26 45 548 20 3274 797 20 207 252395 417 16002 10417 2997 5685 3158 96 678311
internal_value=-6.00718e-12 8.94241e-05 -2.93599e-05 0.000121184 0.000510906 -0.00130496 0.000613189 0.000353409 0.000528673 0.00193049 5.20416e-05 0.000140879 -0.000216181 6.55296e-05 2.94645e-05 -0.0012919 0.000133801 0.000454359 -0.000970058 -0.00551208 -0.000761957 6.98117e-05 0.000814152 -4.02231e-05 5.20441e-05 0.00040058 -5.16097e-05 -0.000322146 -1.16845e-05 -4.40315e-05
internal_weight=1.125e+06 278067 846933 57001 8589 458 8131 23080 14977 754 48412 36367 12045 254987 8103 593 7510 14223 1050 46 1004 253937 1542 789932 86776 13414 703156 19160 73362 683996
internal_count=1125000 278067 846933 57001 8589 458 8131 23080 14977 754 48412 36367 12045 254987 8103 593 7510 14223 1050 46 1004 253937 1542 789932 86776 13414 703156 19160 73362 683996
is_linear=0
shrinkage=0.1


Tree=69
num_leaves=31
num_cat=0
split_feature=5 1 0 0 3 0 0 0 1 0 0 2 0 0 0 3 3 2 3 1 2 1 2 2 3 1 3 2 2 2
split_gain=0.239247 0.153965 0.188409 0.523334 0.2627 0.16139 0.443595 0.429185 0.311805 0.158369 0.445969 0.228312 0.140923 0.238275 0.126295 0.145864 0.234338 0.15249 0.122 0.113843 0.105452 0.104568 0.0885471 0.176217 0.112993 0.0781399 0.0630154 0.302412 0.0669584 0.0418784
threshold=1.0000000180025095e-35 50.598730019893615 356.19800766258339 402.01531791186449 120.58203218625364 179.90326204986272 164.88786072679912 159.99142948281948 27.419605538386119 231.66216653968007 184.70044108233398 72.291141622837628 1759.7960425739955 1792.1997074703283 4.4963213897204932 95.63395560763756 76.141967619589721 20.857266415446166 0.33348640299863958 51.118452596669258 168.99420899096847 2.5971536299126865 6.6119644747988389 7.3217843134478793 8.5546043836588925 30.216761241054623 0.33348640299863958 0.72482343342419686 0.72482343342419686 90.441492365219872
decision_type=2 2 2 2 2 2 2 2 2 2 2 2 2 2 2 2 2 2 2 2 2 2 2 2 2 2 2 2 2 2
left_child=14 5 9 4 -4 6 7 -2 -8 10 -3 -11 18 -14 15 16 17 -1 -7 -5 25 22 24 -24 -16 -17 27 -23 -28 -18
right_child=1 2 3 19 -6 12 8 -9 -10 11 -12 -13 13 -15 21 20 29 -19 -20 -21 -22 26 23 -25 -26 -27 28 -29 -30 -31
leaf_value=0.0014793863710508141 0.00029901792906849483 -0.00056523507997027615 0.0016334586218110969 -0.0010941241906632217 0.008614325420577577 -0.00092729145341575883 0.0022297279339159571 -0.0019206535894649539 -0.00020739791915307766 -0.0014871425886858114 0.0015900919222928162 0.00019193584201202733 0.0034491044132333396 0.00046562778520444729 -0.00089266511405758126 -0.011393428469697636 0.010494136899000124 2.4143624243636928e-05 8.2759985050993246e-05 2.2378388204743831e-05 0.00084258273709565408 -0.0066976328178252279 0.002588693165979615 0.00020353199770661032 0.00027116706093412016 -0.0027667842982780368 0.00043505427216718336 -0.00026941061270597253 -3.4376397423554262e-05 0.0049551719704117531
leaf_weight=1169 31342 4412 1442 920 56 1210 1960 896 717 2482 1227 1202 291 3342 1681 21 21 1875 102195 124373 28 74 314 22892 1656 21 3050 6638 807454 39
leaf_count=1169 31342 4412 1442 920 56 1210 1960 896 717 2482 1227 1202 291 3342 1681 21 21 1875 102195 124373 28 74 314 22892 1656 21 3050 6638 807454 39
internal_value=-5.36049e-12 8.04817e-05 4.49158e-06 3.63947e-05 0.00189443 0.000153346 0.000340039 0.000237326 0.00157698 -0.000429385 -9.62537e-05 -0.0009393 9.2448e-05 0.000704602 -2.64239e-05 0.000603191 0.000704994 0.000583007 7.09408e-05 1.41801e-05 -0.00391103 -2.87924e-05 0.000166544 0.000235806 -0.000315109 -0.00708011 -3.51369e-05 -0.000340282 -3.26099e-05 0.00689381
internal_weight=1.125e+06 278067 136114 126791 1498 141953 34915 32238 2677 9323 5639 3684 107038 3633 846933 3174 3104 3044 103405 125293 70 843759 26543 23206 3337 42 817216 6712 810504 60
internal_count=1125000 278067 136114 126791 1498 141953 34915 32238 2677 9323 5639 3684 107038 3633 846933 3174 3104 3044 103405 125293 70 843759 26543 23206 3337 42 817216 6712 810504 60
is_linear=0
shrinkage=0.1


Tree=70
num_leaves=25
num_cat=0
split_feature=0 5 2 2 4 1 2 1 3 1 3 1 0 0 2 3 0 4 3 0 0 2 0 0
split_gain=0.216868 0.14929 0.148681 0.317457 0.146428 0.177365 0.176745 0.154081 0.205337 0.185438 0.145339 0.116865 0.129126 0.12376 0.0975291 0.357928 0.114921 0.0962963 0.153634 0.0974362 0.0929934 0.0679454 0.194934 0.169976
threshold=85.191059321447781 1.0000000180025095e-35 267.36553577422336 278.16606719961322 1.0000000180025095e-35 81.95040415089754 1.3705252678591722 36.829359432031318 24.969573200257507 35.142033136153387 5.6355395495652507 0.97502496770627911 2075.5636797051943 90.078109678082285 1.0000000180025095e-35 1.3204739135417978 164.88786072679912 1.0000000180025095e-35 442.85718196256062 1759.7960425739955 37.279952665353022 32.160572247599895 362.59045339837536 90.078109678082285
decision_type=2 2 2 2 2 2 2 2 2 2 2 2 2 2 2 2 2 2 2 2 2 2 2 2
left_child=2 14 4 -4 7 6 -6 9 -9 -1 -7 12 13 -3 15 -2 -17 19 -19 -13 -5 23 -23 -16
right_child=1 11 3 20 5 10 -8 8 -10 -11 -12 17 -14 -15 21 16 -18 18 -20 -21 -22 22 -24 -25
leaf_value=0.000145551470299631 -0.011429261040928611 0.0057368075930850308 0.014376320716236596 -0.0033791526344915234 0.002752933152525402 -0.0040930730689849168 0.00034808829128169183 -0.00060834701042704038 0.00018593430125448762 0.0014704621697635414 0.0034468418008807831 -9.5631847790227862e-06 0.0087162441969849177 0.00055932929090022146 -0.0011083821225898348 0.0016698216707132256 -0.0021065337384801033 0.00019894175373686123 -0.0029155259024287406 0.00017289979854999676 0.0044308218000937375 0.00010417150142018948 -4.4261862301498369e-05 -9.2590834080504892e-05
leaf_weight=52706 34 47 23 30 314 28 11443 6511 6508 1078 294 180051 20 2609 1675 130 212 41072 159 34947 31 104369 581018 99691
leaf_count=52706 34 47 23 30 314 28 11443 6511 6508 1078 294 180051 20 2609 1675 130 212 41072 159 34947 31 104369 581018 99691
internal_value=4.48689e-12 -1.20634e-05 0.000159799 0.00436472 0.000155321 0.000475731 0.000412316 9.73865e-05 -0.000211298 0.000172107 0.0027912 5.38077e-05 0.000711228 0.000650949 -3.37299e-05 -0.00164389 -0.000671077 4.69417e-05 0.000186931 2.00954e-05 0.000589851 -3.29604e-05 -2.16588e-05 -0.000109376
internal_weight=1.125e+06 1.04603e+06 78966 84 78882 12079 11757 66803 13019 53784 322 258905 2676 2656 787129 376 342 256229 41231 214998 61 786753 685387 101366
internal_count=1125000 1046034 78966 84 78882 12079 11757 66803 13019 53784 322 258905 2676 2656 787129 376 342 256229 41231 214998 61 786753 685387 101366
is_linear=0
shrinkage=0.1


Tree=71
num_leaves=28
num_cat=0
split_feature=0 5 4 1 2 1 1 3 1 3 1 0 1 3 1 4 1 1 2 0 3 3 0 3 2 3 0
split_gain=0.189183 0.141192 0.117029 0.219696 0.207415 0.144346 0.129873 0.129078 0.128217 0.141375 0.108771 0.188505 0.100147 0.232028 0.106156 0.0951558 0.183554 0.0909737 0.0855565 0.0763029 0.0743163 0.150746 0.138389 0.0456281 0.42537 0.0588254 0.0289934
threshold=27.903107903807804 1.0000000180025095e-35 1.0000000180025095e-35 97.866710994563832 0.72482343342419686 2.2673636504417884 12.355582783623641 52.279073941438817 149.49782056703552 37.88304507812294 227.39829742027635 375.45669354078956 117.05725062982306 16.797896859351543 113.53461324184011 1.0000000180025095e-35 8.5880882513230521 0.32162832209867892 98.030554611905373 4379.8908019291694 12.207137927582464 3.5935557640380744 75.688736751726523 0.49947855308759742 0.72482343342419686 4.0858214631075027 237.45570662658858
decision_type=2 2 2 2 2 2 2 2 2 2 2 2 2 2 2 2 2 2 2 2 2 2 2 2 2 2 2
left_child=2 17 8 4 6 -6 -4 -5 12 -10 15 26 14 -14 -1 18 -17 20 -3 -13 21 -2 -22 24 -19 -25 -12
right_child=1 10 3 7 5 -7 -8 -9 9 -11 11 19 13 -15 -16 16 -18 23 -20 -21 22 -23 -24 25 -26 -27 -28
leaf_value=0.00018069809189102614 0.0011890231997364145 0.00010726730990781816 0.002802820306334814 0.012041548306408984 0.0026809600752427955 0.00040716071002696902 0.01272193005054512 0.0027948980349012547 0.0022864141617901625 -0.0081006493394900313 -0.005013154837347213 -0.00024633805360087263 -0.0053903023861348633 0.0054996988353215991 -0.0066166183648064085 0.00082223873033842622 0.00012832244116147527 -0.0071231994952213832 -1.7308828912659477e-05 -0.0024012179122641594 0.0037647548629865927 -0.00073123701588129328 0.00067050114103818146 6.161225710882115e-05 -0.00017911552005853392 -3.4560512185799403e-05 -0.010333218931336888
leaf_weight=21753 677 94039 33 26 303 3553 22 36 20 38 21 797 25 90 23 4222 39251 89 133240 207 160 1032 1496 69543 9988 744296 20
leaf_count=21753 677 94039 33 26 303 3553 22 36 20 38 21 797 25 90 23 4222 39251 89 133240 207 160 1032 1496 69543 9988 744296 20
internal_value=-1.45254e-11 -6.29775e-06 0.000267021 0.000766435 0.000672807 0.000585833 0.00677046 0.00667253 0.000176621 -0.0045189 5.62333e-05 -0.000962033 0.000189062 0.00313231 0.000173519 6.01634e-05 0.000195714 -2.68419e-05 3.42358e-05 -0.000690621 0.000492054 2.94512e-05 0.000969463 -2.89611e-05 -0.000240446 -2.63425e-05 -0.00760831
internal_weight=1.125e+06 1.09908e+06 25922 3973 3911 3856 55 62 21949 58 271797 1045 21891 115 21776 270752 43473 827281 227279 1004 3365 1709 1656 823916 10077 813839 41
internal_count=1125000 1099078 25922 3973 3911 3856 55 62 21949 58 271797 1045 21891 115 21776 270752 43473 827281 227279 1004 3365 1709 1656 823916 10077 813839 41
is_linear=0
shrinkage=0.1


Tree=72
num_leaves=27
num_cat=0
split_feature=0 1 3 2 2 1 2 2 2 1 3 2 5 4 3 0 3 3 3 1 3 1 1 3 2 2
split_gain=0.166819 0.151838 0.14681 0.330033 0.327643 0.354531 0.231658 0.198907 0.188054 0.157491 0.15237 0.139368 0.107559 0.105336 0.0968142 0.125568 0.106014 0.314966 0.0971121 0.0730027 0.201464 0.127227 0.070616 0.0437716 0.194298 0.0554719
threshold=4.4963213897204932 2.5971536299126865 17.20608312955504 37.18909185191152 23.350992679250567 45.345711316640113 84.272992054313491 141.37895796341977 128.46281954802532 74.192070716374815 25.704217382764835 73.302360851082042 1.0000000180025095e-35 1.0000000180025095e-35 1.1486605085622197 9.1786832152300537 3.5935557640380744 2.9443400076023303 1.0000000180025095e-35 199.96191298619021 54.000156538810984 187.99301825466969 2.2673636504417884 0.33348640299863958 1.0000000180025095e-35 0.72482343342419686
decision_type=2 2 2 2 2 2 2 2 2 2 2 2 2 2 2 2 2 2 2 2 2 2 2 2 2 2
left_child=2 14 6 4 5 -4 11 8 -5 -9 -6 13 23 -1 15 -2 17 -16 -17 21 -21 -14 -18 24 -3 -25
right_child=1 12 3 7 10 -7 -8 9 -10 -11 -12 -13 19 -15 16 18 22 -19 -20 20 -22 -23 -24 25 -26 -27
leaf_value=0.00086973060367592477 0.005135193346068264 -0.009456738916671148 0.0013028671317045065 0.0011997950448327144 -0.006680831458909191 -0.010257920144318507 -0.0070801432535517964 -0.0010978212800215592 0.010997875701868907 -0.011277728603177127 -0.0022563867187792705 0.0083761063231914141 4.6311800537722616e-05 0.0026860449504705949 0.0001824043642295906 0.0012326803117219398 0.00011921196108456293 0.002146327067076619 -0.00075760482015691422 0.0015507761623745826 -0.0010431075075870882 0.0012092982755379034 0.0005925161182619526 0.00040074450604378562 -0.00024979634950446047 -2.6528225921046564e-05
leaf_weight=2056 40 23 311 952 136 29 34 55 20 21 182 27 265425 378 2972 279 25198 1126 2021 368 1607 944 3603 3050 6689 807454
leaf_count=2056 40 23 311 952 136 29 34 55 20 21 182 27 265425 378 2972 279 25198 1126 2021 368 1607 944 3603 3050 6689 807454
internal_value=-2.38747e-12 -2.35754e-06 0.000628976 -8.59282e-05 -0.00184125 0.0003168 0.0011178 0.00101617 0.0014014 -0.00391069 -0.0041486 0.00123106 -8.98904e-06 0.0011518 0.00020193 -0.00041957 0.000246135 0.000722028 -0.000516175 4.59421e-05 -0.000559791 5.04334e-05 0.000178422 -2.70264e-05 -0.000281346 -2.49204e-05
internal_weight=1.125e+06 1.1208e+06 4201 1706 658 340 2495 1048 972 76 318 2461 1.08556e+06 2434 35239 2340 32899 4098 2300 268344 1975 266369 28801 817216 6712 810504
internal_count=1125000 1120799 4201 1706 658 340 2495 1048 972 76 318 2461 1085560 2434 35239 2340 32899 4098 2300 268344 1975 266369 28801 817216 6712 810504
is_linear=0
shrinkage=0.1


Tree=73
num_leaves=30
num_cat=0
split_feature=1 0 1 3 1 3 3 2 2 0 1 3 2 3 2 3 3 3 3 3 3 5 3 1 3 2 0 0 2
split_gain=0.14593 0.121793 0.145985 0.19638 0.161996 0.183099 0.139974 0.113425 0.227376 0.175389 0.184107 0.174349 0.202619 0.329865 0.175722 0.155578 0.351197 0.160495 0.101579 0.0873088 0.080225 0.0696166 0.0866905 0.113154 0.0862212 0.0730658 0.200907 0.0963365 0.044727
threshold=0.97502496770627911 85.191059321447781 227.39829742027635 59.888364840324748 163.00096527291137 22.554639965850395 248.11925831338098 46.740103921651638 38.814992270645611 18.958867754649308 0.65066894526553487 41.878806213502472 140.12528709709906 56.442383955202502 51.233355173470734 5.2950531357905861 5.6355395495652507 1.9751030270145933 39.277077600772166 41.878806213502472 1.3204739135417978 1.0000000180025095e-35 1.0000000180025095e-35 8.9417578334982792 2.9443400076023303 32.160572247599895 94.974397187399418 90.078109678082285 226.03500315111538
decision_type=2 2 2 2 2 2 2 2 2 2 2 2 2 2 2 2 2 2 2 2 2 2 2 2 2 2 2 2 2
left_child=7 2 4 -4 6 -6 -2 8 15 10 -10 14 13 -13 20 17 -17 -1 -16 -11 -9 25 23 -23 -24 27 -27 -3 -14
right_child=1 21 3 -5 5 -7 -8 11 9 19 -12 12 28 -15 18 16 -18 -19 -20 -21 -22 22 24 -25 -26 26 -28 -29 -30
leaf_value=9.9759683158826484e-05 0.00011711773956295842 -0.00088226278217392532 -0.0015027689791861035 0.011498972331173718 0.0029773844765837898 -0.0056688863735057807 0.0052102082633171919 -0.0080062049363429349 0.012170845193459708 0.0021629580486032854 0.00043055351230908531 0.0058294197518721615 -0.0018312908486985318 0.00072404193500853037 -7.8743405534543586e-07 -0.0054712774065722317 0.00019957141766487505 0.0018429068629731275 -0.0035931499564321717 -0.0010761114678002502 -0.0020028504125124713 -0.0059413302143697042 0.00025349470792184657 0.00095177960049893187 1.8095746029757937e-05 0.00075198365542716557 -2.0002795861708746e-05 -9.558552702466672e-05 0.00065135664166882633
leaf_weight=928 75776 1582 21 26 33 95 54 24 34 671 22 190 173 379 4892 112 4381 1226 80 95 307 55 16641 42 239491 3388 676920 97237 125
leaf_count=928 75776 1582 21 26 33 95 54 24 34 671 22 190 173 379 4892 112 4381 1226 80 95 307 55 16641 42 239491 3388 676920 97237 125
internal_value=-1.30132e-12 -3.98988e-06 0.000118192 0.00568968 0.000114745 -0.00343977 0.000120745 0.000325111 0.000587216 0.0021562 0.00755859 7.82493e-06 0.0013225 0.00242883 -0.000207114 0.000393188 5.82104e-05 0.00109191 -5.85889e-05 0.00176125 -0.00243814 -1.29592e-05 3.22578e-05 -0.00295668 3.33897e-05 -2.78296e-05 -1.61582e-05 -0.000108179 -0.000789912
internal_weight=1.125e+06 1.11136e+06 76005 47 75958 128 75830 13639 7469 822 56 6170 867 569 5303 6647 4493 2154 4972 766 331 1.03536e+06 256229 97 256132 779127 680308 98819 298
internal_count=1125000 1111361 76005 47 75958 128 75830 13639 7469 822 56 6170 867 569 5303 6647 4493 2154 4972 766 331 1035356 256229 97 256132 779127 680308 98819 298
is_linear=0
shrinkage=0.1


Tree=74
num_leaves=31
num_cat=0
split_feature=1 4 0 0 1 1 0 0 4 0 1 1 4 0 5 0 0 0 0 2 3 3 3 2 3 5 1 1 5 0
split_gain=0.137881 0.625999 2.00227 2.55275 2.55541 0.657112 0.555723 0.493787 0.514894 0.84337 0.342326 0.319077 0.246223 0.598448 0.322835 0.262064 0.217489 0.520555 0.216607 0.194257 0.248603 0.213117 0.189999 0.261293 0.20983 0.158206 0.146498 0.146387 0.132952 0.126505
threshold=49.126168467743042 1.0000000180025095e-35 492.16667056395062 293.75649745342179 31.414430436738318 29.814448808391393 382.32563257530609 259.70048576135378 1.0000000180025095e-35 349.87966349223046 33.035686933952121 7.9088781355731905 1.0000000180025095e-35 421.98166853230646 1.0000000180025095e-35 408.82488804754718 375.45669354078956 435.24578305054064 356.19800766258339 115.64129713328326 38.94392495313344 21.160711939317366 2.2888449815518479 1.0000000180025095e-35 3.5935557640380744 1.0000000180025095e-35 42.141404053235895 35.142033136153387 1.0000000180025095e-35 470.45223873665543
decision_type=2 2 2 2 2 2 2 2 2 2 2 2 2 2 2 2 2 2 2 2 2 2 2 2 2 2 2 2 2 2
left_child=1 16 3 5 -5 -3 7 19 18 -10 11 -4 15 14 -14 25 22 26 -9 21 -21 -2 23 -1 -24 -8 -18 -19 -12 -15
right_child=6 2 10 4 -6 -7 12 8 9 -11 28 -13 13 29 -16 -17 17 27 -20 20 -22 -23 24 -25 -26 -27 -28 -29 -30 -31
leaf_value=-0.0051518918247207045 -0.00036024663204850473 -2.512409939417743e-05 0.0002335819698941747 0.0025180671557482235 -0.00023836142336993942 0.0010498892043255875 0.00052094457094604984 -0.00078615865063340047 -0.00096283828585560247 -0.0049938225847778982 -8.4471068975651537e-05 -0.00072065942855133094 -0.003899996988134956 -0.0011522342281931447 0.00047421807659638786 1.7478144354531551e-05 -0.00057011644982402131 -8.548668897717238e-05 0.00017582728318970152 0.001172193340525408 -0.0010527579928300268 0.00024046556831984576 0.00046857740348339554 -0.0001766571158825601 6.4600640297944546e-05 0.0021456204256587812 0.00023062749877474087 8.4904539059016079e-05 0.00058991507648741091 -0.00012121296500905521
leaf_weight=106 10250 27141 4382 11598 4737 7193 2417 10550 1796 730 11782 17491 649 1208 228 430499 24016 142437 3008 582 3662 13935 13791 25455 189938 797 2525 78049 3888 80160
leaf_count=106 10250 27141 4382 11598 4737 7193 2417 10550 1796 730 11782 17491 649 1208 228 430499 24016 142437 3008 582 3662 13935 13791 25455 189938 797 2525 78049 3888 80160
internal_value=5.18632e-12 3.48826e-05 0.000279579 0.00068968 0.00171873 0.000200092 -3.51352e-05 -0.000374148 -0.000816951 -0.00212777 -0.000273903 -0.000529488 -5.88769e-06 -0.000164524 -0.0027628 2.41946e-05 -1.04342e-05 -7.55356e-05 -0.000572731 -0.000123628 -0.00074764 -1.41261e-05 5.97033e-05 -0.000197289 9.1947e-05 0.000923828 -0.000493937 -2.51705e-05 8.28559e-05 -0.00013652
internal_weight=1.125e+06 564529 88212 50669 16335 34334 560471 44513 16084 2526 37543 21873 515958 82245 877 433713 476317 247027 13558 28429 4244 24185 229290 25561 203729 3214 26541 220486 15670 81368
internal_count=1125000 564529 88212 50669 16335 34334 560471 44513 16084 2526 37543 21873 515958 82245 877 433713 476317 247027 13558 28429 4244 24185 229290 25561 203729 3214 26541 220486 15670 81368
is_linear=0
shrinkage=0.1


Tree=75
num_leaves=28
num_cat=0
split_feature=0 3 2 2 1 2 2 2 2 3 2 1 3 0 2 3 3 1 4 0 0 0 4 0 0 2 3
split_gain=0.126272 0.119722 0.267079 0.265451 0.287065 0.188581 0.157462 0.152915 0.145668 0.134892 0.112877 0.106226 0.0986627 0.0876022 0.14764 0.201704 0.127267 0.0809609 0.476266 1.75621 0.453591 0.390472 0.187134 0.133174 0.0579158 0.0932093 0.0756382
threshold=4.4963213897204932 17.20608312955504 37.18909185191152 23.350992679250567 45.345711316640113 84.272992054313491 141.37895796341977 128.46281954802532 168.99420899096847 34.614352703320584 73.302360851082042 0.65066894526553487 9.2618094790202274 41.866304770595072 17.311117086139586 5.2950531357905861 4.4299018522025797 47.683190163873981 1.0000000180025095e-35 492.16667056395062 382.32563257530609 271.23520627450051 1.0000000180025095e-35 375.45669354078956 1130.3971591014997 229.98519434619175 43.817272142045489
decision_type=2 2 2 2 2 2 2 2 2 2 2 2 2 2 2 2 2 2 2 2 2 2 2 2 2 2 2
left_child=1 5 3 4 -3 10 7 -4 -8 -5 12 13 -1 14 16 -16 -2 18 23 -20 21 -19 -22 -13 26 -26 -15
right_child=11 2 6 9 -6 -7 8 -9 -10 -11 -12 17 -14 24 15 -17 -18 20 19 -21 22 -23 -24 -25 25 -27 -28
leaf_value=0.00055859306125087245 0.00070513254282039792 0.0011523400891723463 0.0010540184455259973 -0.0051187637296549529 -0.0092504677780229482 -0.0064078998868353672 -0.0084880482348980331 0.0098893760261125879 0.0003447275218922039 -0.00064549530597077199 0.0075210694154655491 3.8783856817370537e-05 0.0018989535735512654 0.00020174114819637479 0.0031863583130092403 -0.0011515550019220169 0.0043149935611264522 -0.00012566891575822872 0.00063460312834034808 -0.00029038191254679408 2.1554953106181642e-05 -0.00073786107224939421 -0.00014133840796537605 -6.9586539836652777e-05 -0.0018888723238269919 0.0007745121183111805 0.0012576938306549292
leaf_weight=1597 175 311 952 221 29 34 33 20 43 97 27 218571 837 6926 153 358 221 31434 48329 35680 442526 15584 83896 235655 312 227 752
leaf_count=1597 175 311 952 221 29 34 33 20 43 97 27 218571 837 6926 153 358 221 31434 48329 35680 442526 15584 83896 235655 312 227 752
internal_value=-3.24048e-12 0.000547223 -9.83674e-05 -0.00167742 0.000265042 0.000988656 0.000893064 0.00123582 -0.00349056 -0.00375428 0.00109084 -2.05111e-06 0.00101951 0.000337768 0.00127042 0.000147272 0.00271973 -4.84016e-06 2.30151e-05 0.000241747 -3.09853e-05 -0.000328578 -4.4054e-06 -1.74393e-05 0.000234822 -0.000767187 0.000305163
internal_weight=1.125e+06 4201 1706 658 340 2495 1048 972 76 318 2461 1.1208e+06 2434 9124 907 511 396 1.11168e+06 538235 84009 573440 47018 526422 454226 8217 539 7678
internal_count=1125000 4201 1706 658 340 2495 1048 972 76 318 2461 1120799 2434 9124 907 511 396 1111675 538235 84009 573440 47018 526422 454226 8217 539 7678
is_linear=0
shrinkage=0.1


Tree=76
num_leaves=29
num_cat=0
split_feature=0 3 2 2 1 2 2 1 2 3 1 1 3 1 5 4 1 3 3 3 4 3 0 2 1 3 4 1
split_gain=0.10228 0.096975 0.216334 0.215016 0.233848 0.15275 0.127544 0.129292 0.123861 0.109263 0.101901 0.164758 0.110582 0.0860433 0.0772755 0.076261 0.145312 0.0736416 0.0724798 0.232924 0.268796 0.17071 0.135112 0.123371 0.0489343 0.0329342 0.115498 0.108588
threshold=4.4963213897204932 17.20608312955504 37.18909185191152 23.350992679250567 44.884285269711206 84.272992054313491 141.37895796341977 74.192070716374815 128.46281954802532 34.614352703320584 68.776210630120687 49.126168467743042 7.6583494724448959 0.65066894526553487 1.0000000180025095e-35 1.0000000180025095e-35 3.5365340935807028 206.26171303569518 5.2950531357905861 5.6355395495652507 1.0000000180025095e-35 5.1114000261916468 94.974397187399418 20.857266415446166 1.0000000180025095e-35 26.461009301671197 1.0000000180025095e-35 20.743342694959928
decision_type=2 2 2 2 2 2 2 2 2 2 2 2 2 2 2 2 2 2 2 2 2 2 2 2 2 2 2 2
left_child=1 5 3 4 -3 10 8 -8 -4 -5 11 -1 -12 18 25 17 -17 -16 21 20 -20 23 -23 -2 -21 27 -27 -15
right_child=13 2 6 9 -6 -7 7 -9 -10 -11 12 -13 -14 14 15 16 -18 -19 19 24 -22 22 -24 -25 -26 26 -28 -29
leaf_value=0.0010453787918967576 0.0014720627412017776 0.0010838687496619638 0.00094861661017595555 -0.0046068874312611089 -0.0078977744909934696 -0.0057671099736848301 -0.0005928702364591035 -0.0098164863274654464 0.0089004383422434333 -0.00058094572333484583 0.0097989132093196669 -0.0034370572393869654 0.00056913667568005621 7.056140479371804e-05 1.1592784458035819e-05 0.0011248846782761551 0.00012792855884986753 0.00047258156538879288 -0.0020008766184149026 0.0017027378551404658 -0.014167455507611688 0.011917584632401883 0.0025638976659467247 1.1414600676680235e-05 0.00016526929807970345 -1.7087815908121675e-05 -0.00016633613834092834 -3.4811532956037229e-05
leaf_weight=2324 999 308 952 221 32 34 55 21 20 97 27 85 25 143963 227139 1514 42576 3519 104 214 22 23 47 1373 6342 326352 61645 304967
leaf_count=2324 999 308 952 221 32 34 55 21 20 97 27 85 25 143963 227139 1514 42576 3519 104 214 22 23 47 1373 6342 326352 61645 304967
internal_value=-7.19542e-12 0.0004925 -8.85307e-05 -0.00150968 0.000238538 0.000889791 0.000803757 -0.0031415 0.00111223 -0.00337885 0.000981759 0.000887219 0.00536152 -1.84601e-06 -4.35615e-06 4.16598e-05 0.000162163 1.86258e-05 0.000303992 0.000133605 -0.0041252 0.000770217 0.00563725 0.000626586 0.000215455 -1.94624e-05 -4.08004e-05 -1.02051e-06
internal_weight=1.125e+06 4201 1706 658 340 2495 1048 76 972 318 2461 2409 52 1.1208e+06 1.11168e+06 274748 44090 230658 9124 6682 126 2442 70 2372 6556 836927 387997 448930
internal_count=1125000 4201 1706 658 340 2495 1048 76 972 318 2461 2409 52 1120799 1111675 274748 44090 230658 9124 6682 126 2442 70 2372 6556 836927 387997 448930
is_linear=0
shrinkage=0.1


Tree=77
num_leaves=29
num_cat=0
split_feature=0 3 3 1 1 1 2 1 4 2 1 0 1 2 0 4 0 2 5 2 0 4 0 0 0 3 3 3
split_gain=0.0877731 0.220495 0.286481 0.194293 0.193074 0.237755 0.223585 0.156667 0.147995 0.131487 0.144922 0.100085 0.0694202 0.128473 0.282796 1.00281 0.875176 0.123547 0.216016 0.092219 0.209885 0.40285 0.231578 0.191019 0.426155 0.169052 0.0609805 0.0371332
threshold=14.108436749205056 17.826984936283285 19.816702535711254 112.39008526444091 3.8896920106905677 4.1936115663625531 61.865708868033941 92.187557771345439 1.0000000180025095e-35 56.567335087632557 1.9602588296656747 9.1786832152300537 14.53926368098538 143.91941159160635 299.94840935561297 1.0000000180025095e-35 237.45570662658858 162.5007585726444 1.0000000180025095e-35 33.910805782989947 299.94840935561297 1.0000000180025095e-35 382.32563257530609 243.1352231368746 259.70048576135378 70.373209021688695 47.748437137143945 9.7855632456811659
decision_type=2 2 2 2 2 2 2 2 2 2 2 2 2 2 2 2 2 2 2 2 2 2 2 2 2 2 2 2
left_child=1 3 9 7 6 -6 -4 8 -1 10 -3 -11 13 14 16 -16 -2 18 -15 23 21 -21 -22 25 -25 -14 -19 -9
right_child=12 2 4 -5 5 -7 -8 27 -10 11 -12 -13 19 17 15 -17 -18 26 -20 20 22 -23 -24 24 -26 -27 -28 -29
leaf_value=0.00040383868129217887 0.00011331158485702105 0.0041515147546306256 -0.0032200813527390737 -0.0083897511309866495 0.0087752402527257797 0.00012344049833540687 0.0021330137824695007 0.0099107335135340691 0.0016180172924567329 0.0043363688946809883 -0.0038740630017127841 -0.0034317921664936608 -0.00023629041830520349 -0.00020102092361360205 8.5749705962115286e-05 0.0012296573666639202 -0.00069021260627272207 3.9375272721729756e-05 -0.0015795717649352661 4.9988363878913122e-05 -0.00028775687197419078 0.00063448750557744968 -8.7138841247310133e-06 0.0012028565062884777 -4.1490872950991913e-05 -0.0031716640436118305 -0.00045096446634007407 0.003817028149496764
leaf_weight=6568 83762 24 343 24 32 4282 101 20 1185 43 360 27 48199 4464 50871 9023 16172 16936 1525 74528 31056 14008 702351 2903 52993 197 2983 20
leaf_count=6568 83762 24 343 24 32 4282 101 20 1185 43 360 27 48199 4464 50871 9023 16172 16936 1525 74528 31056 14008 702351 2903 52993 197 2983 20
internal_value=-4.96535e-12 0.000258045 -0.000245759 0.000593957 -1.67452e-05 0.000187617 -0.00200237 0.000621624 0.000589419 -0.00264586 -0.00337246 0.00134008 -3.02353e-06 5.27732e-05 8.62581e-05 0.000258079 -1.67202e-05 -0.000153797 -0.000552046 -1.42123e-05 -2.97265e-06 0.000142467 -2.05299e-05 -0.000102794 2.31352e-05 -0.000248239 -3.40563e-05 0.00686388
internal_weight=1.125e+06 13029 5212 7817 4758 4314 444 7793 7753 454 384 70 1.11197e+06 185736 159828 59894 99934 25908 5989 926235 821943 88536 733407 104292 55896 48396 19919 40
internal_count=1125000 13029 5212 7817 4758 4314 444 7793 7753 454 384 70 1111971 185736 159828 59894 99934 25908 5989 926235 821943 88536 733407 104292 55896 48396 19919 40
is_linear=0
shrinkage=0.1


Tree=78
num_leaves=31
num_cat=0
split_feature=5 1 0 0 2 0 3 2 0 2 0 2 0 2 3 3 2 0 1 2 0 0 4 2 0 0 3 1 2 2
split_gain=0.075007 0.0796665 0.131973 0.318556 0.30919 0.260142 0.259155 0.11032 0.107623 0.226478 0.20392 0.197212 0.166363 0.151603 0.105437 0.0369497 0.240762 0.182229 0.149438 0.123641 0.171428 0.118318 0.0899988 0.0463526 0.150474 0.198238 0.100804 0.042588 0.0469654 0.033495
threshold=1.0000000180025095e-35 50.598730019893615 324.62189373858189 299.94840935561297 53.000921873201897 402.01531791186449 60.647299005585104 13.907950996290522 4379.8908019291694 46.740103921651638 2544.0910338470753 137.91363367451791 2360.7825117819393 129.63687783857733 22.060831072990666 0.49947855308759742 0.72482343342419686 94.974397187399418 3.5365340935807028 1.3705252678591722 55.960329028050701 149.91895994542452 1.0000000180025095e-35 0.72482343342419686 254.1656815360468 243.1352231368746 2.2888449815518479 0.65066894526553487 48.44505946436859 5.8810788195636361
decision_type=2 2 2 2 2 2 2 2 2 2 2 2 2 2 2 2 2 2 2 2 2 2 2 2 2 2 2 2 2 2
left_child=15 8 3 14 -5 6 -4 -7 10 -10 12 -12 -2 -11 -3 16 17 18 -1 20 -18 -19 -21 24 25 -17 -26 28 -25 -29
right_child=1 2 5 4 -6 7 -8 -9 9 13 11 -13 -14 -15 -16 23 19 21 -20 22 -22 -23 -24 27 26 -27 -28 29 -30 -31
leaf_value=0.0058448822512714707 9.6405060701437552e-05 -0.00068491004660537153 0.0015280993451445059 -0.0044444741844708513 -0.00025938716254475638 -0.00072804891549245563 -0.0010431683828716705 7.5670631959761838e-06 -0.011519579286687077 0.0039470464933574912 0.0028250727509039207 -0.0013664500646550081 -0.0026556415257933128 -0.0035937380055220771 8.2628814187224282e-05 0.0007224003773029313 -0.0038293578584368028 -0.013406310323625804 -0.0042117000940359297 -0.00030544071845131355 0.005964431599256516 -0.0045394626572755553 0.00049333299969438877 0.00048304672899955977 -0.0066171263622191671 0.0065087502197501805 -0.00033195241937688104 -0.0001360899419700098 -5.7318508658214279e-05 -1.257470779181991e-05
leaf_weight=22 140952 2874 2009 366 341 2073 487 123220 24 42 497 145 220 73 4744 2015 24 27 45 8906 70 34 1676 3590 26 61 1376 22572 2914 803575
leaf_count=22 140952 2874 2009 366 341 2073 487 123220 24 42 497 145 220 73 4744 2015 24 27 45 8906 70 34 1676 3590 26 61 1376 22572 2914 803575
internal_value=1.30168e-11 4.50635e-05 -9.59837e-06 -0.000395384 -0.00242592 1.55342e-05 0.00102641 -4.60386e-06 9.74769e-05 -0.00268372 0.000100203 0.00187839 9.21163e-05 -0.000839712 -0.000206936 -1.47953e-05 -0.000198544 -0.00450978 -0.000909539 -0.000146855 0.00346389 -0.00846413 -0.000178929 -1.2421e-05 0.000351886 0.000892423 -0.000448511 -1.39427e-05 0.000240946 -1.59494e-05
internal_weight=1.125e+06 278067 136114 8325 707 127789 2496 125293 141953 139 141814 642 141172 115 7618 846933 10804 128 67 10676 94 61 10582 836129 3478 2076 1402 832651 6504 826147
internal_count=1125000 278067 136114 8325 707 127789 2496 125293 141953 139 141814 642 141172 115 7618 846933 10804 128 67 10676 94 61 10582 836129 3478 2076 1402 832651 6504 826147
is_linear=0
shrinkage=0.1


Tree=79
num_leaves=29
num_cat=0
split_feature=0 2 3 3 3 1 3 1 3 2 5 2 1 1 2 1 2 0 0 1 4 5 2 1 2 3 2 2
split_gain=0.0728919 0.0850682 0.142479 0.123319 0.113527 0.122446 0.112678 0.232909 0.106446 0.100606 0.098689 0.0973939 0.0917661 0.0592553 0.08064 0.19469 0.241823 0.177072 0.157264 0.215208 0.0923339 0.0439092 0.0622506 0.214965 0.146487 0.034677 0.159139 0.0307458
threshold=4.4963213897204932 6.6119644747988389 0.99130893698115419 24.725916973027179 2.2888449815518479 12.008678236001183 1.3204739135417978 13.067756124565195 0.49947855308759742 7.3217843134478793 1.0000000180025095e-35 19.997940019516012 14.168824019439741 2.5971536299126865 14.767849398866245 0.97502496770627911 13.000122131346886 55.960329028050701 382.32563257530609 2.2673636504417884 1.0000000180025095e-35 1.0000000180025095e-35 367.02150311281554 81.95040415089754 352.18393639452978 1.0000000180025095e-35 3.5550580069080908 15.609063627395278
decision_type=2 2 2 2 2 2 2 2 2 2 2 2 2 2 2 2 2 2 2 2 2 2 2 2 2 2 2 2
left_child=1 3 8 4 12 -6 7 -4 10 -8 -3 -10 -1 14 15 17 -17 -2 19 -16 -20 25 24 -24 -23 26 -15 -27
right_child=13 2 6 -5 5 -7 9 -9 11 -11 -12 -13 -14 21 18 16 -18 -19 20 -21 -22 22 23 -25 -26 27 -28 -29
leaf_value=0.0061473066130755087 0.0019296843957877401 -0.0023275511567793622 0.012676731094887312 0.0083075133438866872 -0.00097654522068900287 0.0025557246772136017 -0.0039341889759419825 -0.0018743913663043219 -0.00082408180266308286 0.00037705777163461664 0.0056770860555116088 -0.0088819511036854239 -8.0821908611272068e-05 0.0031090789434259666 0.00027351490757662928 -0.00031081035218707281 -0.0027219156400078966 9.0386028515131796e-05 -0.00020971837584813944 0.0013945459679148998 0.00058411917920483892 2.9347639401758135e-05 -0.0017388473872316269 -1.7427569277166386e-05 0.00086730274024501256 5.1734516864840861e-05 -0.0017918149565438008 -2.2241923955854598e-05
leaf_weight=73 659 67 22 26 238 167 55 22 24 3412 20 40 35 81 14007 4739 456 2544 9138 1951 1745 261231 880 4130 2103 60692 364 756079
leaf_count=73 659 67 22 26 238 167 55 22 24 3412 20 40 35 81 14007 4739 456 2544 9138 1951 1745 261231 880 4130 2103 60692 364 756079
internal_value=7.23998e-12 0.000415768 0.000243127 0.0015887 0.00124817 0.000479971 0.000372484 0.00540117 -0.00276464 0.000308665 -0.000487405 -0.00586025 0.00412893 -1.55838e-06 0.00012606 -0.000144382 -0.000522449 0.000468812 0.000210676 0.00041057 -8.2433e-05 -5.70109e-06 2.93962e-05 -0.000319793 3.60396e-05 -1.72258e-05 -0.000899742 -1.67449e-05
internal_weight=1.125e+06 4201 3662 539 513 405 3511 44 151 3467 87 64 108 1.1208e+06 35239 8398 5195 3203 26841 15958 10883 1.08556e+06 268344 5010 263334 817216 445 816771
internal_count=1125000 4201 3662 539 513 405 3511 44 151 3467 87 64 108 1120799 35239 8398 5195 3203 26841 15958 10883 1085560 268344 5010 263334 817216 445 816771
is_linear=0
shrinkage=0.1


Tree=80
num_leaves=31
num_cat=0
split_feature=1 0 4 0 0 1 1 0 4 0 1 1 3 3 3 0 4 0 5 0 0 0 3 0 3 1 1 5 0 5
split_gain=0.0629354 0.362503 0.336945 1.24338 2.06092 1.98057 0.530519 0.317999 0.414579 0.703308 0.308843 0.214656 0.20262 0.180602 0.170857 0.166584 0.15398 0.490995 0.250478 0.204041 0.131531 0.423554 0.154217 0.249986 0.164197 0.136993 0.121226 0.114341 0.102794 0.0955671
threshold=49.126168467743042 382.32563257530609 1.0000000180025095e-35 492.16667056395062 293.75649745342179 29.415108231512932 28.602898206122244 254.1656815360468 1.0000000180025095e-35 343.36845950471792 33.035686933952121 7.9088781355731905 71.666555324106113 248.11925831338098 21.160711939317366 356.19800766258339 1.0000000180025095e-35 421.98166853230646 1.0000000180025095e-35 408.82488804754718 375.45669354078956 441.87024797080215 2.2888449815518479 305.93431174361984 3.5935557640380744 2.9210869220821434 35.142033136153387 1.0000000180025095e-35 470.45223873665543 1.0000000180025095e-35
decision_type=2 2 2 2 2 2 2 2 2 2 2 2 2 2 2 2 2 2 2 2 2 2 2 2 2 2 2 2 2 2
left_child=2 7 20 4 6 -6 -4 12 15 -10 11 -5 14 -14 -2 -9 19 18 -18 27 22 25 23 -1 -24 -22 -23 -3 -19 -12
right_child=1 16 3 10 5 -7 -8 8 9 -11 29 -13 13 -15 -16 -17 17 28 -20 -21 21 26 24 -25 -26 -27 -28 -29 -30 -31
leaf_value=-0.00031252789881535737 -0.00027884159687986476 0.00047498551938323676 -0.00012773911050956908 0.00015004341107119449 0.0022303462235285045 -0.00010463084326209723 0.00080807369998158384 -0.00060568084573095374 -0.00063974748360543833 -0.0041103752940485723 -3.6069804613281943e-05 -0.00063263268335793941 -0.00082014291429277793 0.0031958875908394873 0.00026581329408909205 0.00023321451377862536 -0.0034807291550991216 -0.0010157925661244478 0.0003722337348000637 1.7746960798277211e-05 -0.001293604300408333 -6.7641772671600786e-05 0.00040708224858303048 0.00059038864613581484 4.9722465952850281e-05 -0.00036359482768146093 8.8264968890755638e-05 0.0018561830825159658 -8.6401834413096142e-05 0.00053569335692829612
leaf_weight=21998 10261 2417 26479 4382 10882 5453 7855 11110 1755 875 11782 17491 4260 115 13129 3008 649 1208 228 430499 1680 140274 13791 3563 189938 27686 77387 797 80160 3888
leaf_count=21998 10261 2417 26479 4382 10882 5453 7855 11110 1755 875 11782 17491 4260 115 13129 3008 649 1208 228 430499 1680 140274 13791 3563 189938 27686 77387 797 80160 3888
internal_value=5.41538e-12 -2.37376e-05 2.3567e-05 0.00020309 0.00052626 0.00145088 8.6358e-05 -0.000297543 -0.000641685 -0.00179442 -0.000233068 -0.000475833 -8.99554e-05 -0.000714579 2.68777e-05 -0.000426945 -1.15718e-07 -0.000125566 -0.00247905 2.36734e-05 -9.67998e-06 -6.03074e-05 4.48638e-05 -0.000186669 7.39132e-05 -0.0004168 -1.22108e-05 0.000817492 -0.0001002 0.000105795
internal_weight=1.125e+06 560471 564529 88212 50669 16335 34334 44513 16748 2630 37543 21873 27765 4375 23390 14118 515958 82245 877 433713 476317 247027 229290 25561 203729 29366 217661 3214 81368 15670
internal_count=1125000 560471 564529 88212 50669 16335 34334 44513 16748 2630 37543 21873 27765 4375 23390 14118 515958 82245 877 433713 476317 247027 229290 25561 203729 29366 217661 3214 81368 15670
is_linear=0
shrinkage=0.1


Tree=81
num_leaves=21
num_cat=0
split_feature=0 2 2 3 3 2 1 1 2 3 5 3 0 5 1 0 2 2 2 2
split_gain=0.0602337 0.128365 0.194392 0.12316 0.312406 0.191283 0.0550066 0.0459015 0.0910331 0.0859682 0.18696 0.142157 0.0565546 0.0388933 0.0697464 0.12512 0.0555864 0.0380567 0.160634 0.0724819
threshold=18.958867754649308 222.25900923727212 205.12240918842718 17.415946881945324 13.579678607659126 0.72482343342419686 74.805202641212887 0.32162832209867892 1.0000000180025095e-35 9.0766278300661813 1.0000000180025095e-35 9.9680765383299939 154.95007912577321 1.0000000180025095e-35 227.39829742027635 375.45669354078956 367.02150311281554 33.910805782989947 16.437510799667567 53.895635736287879
decision_type=2 2 2 2 2 2 2 2 2 2 2 2 2 2 2 2 2 2 2 2
left_child=1 2 3 4 -1 -5 -3 8 12 10 -10 -11 -2 17 16 -16 -15 18 -9 -19
right_child=7 6 -4 5 -6 -7 -8 13 9 11 -12 -13 -14 14 15 -17 -18 19 -20 -21
leaf_value=0.00017641264252254578 -0.0010522229871593224 0.0023035943192163751 -0.0090177793440449506 0.0065093898192741155 0.0017421547597643772 -0.00018063987675918391 0.008985524379055608 4.2924684489753341e-05 0.00031161083170243249 -0.0034132333342025744 0.002612701019361883 0.00015314063914812447 -0.0071450869333930314 3.78176646150265e-05 -0.0060683585378492992 -0.00055983628014049703 -0.00030200496053243877 8.8409180452074629e-05 -0.00017938955027362347 -1.6748449163026803e-05
leaf_weight=8874 39 28 23 43 1488 7032 22 67173 1438 117 468 2499 25 266729 43 1004 4902 73200 62969 626884
leaf_count=8874 39 28 23 43 1488 7032 22 67173 1438 117 468 2499 25 266729 43 1004 4902 73200 62969 626884
internal_value=-2.52084e-12 0.000184022 0.000169533 0.000181651 0.000401256 -0.00013998 0.00524364 -2.90949e-06 0.000312806 0.00036581 0.000876621 -6.36462e-06 -0.00343225 -4.22227e-06 2.85451e-05 -0.00078607 3.1685e-05 -1.49843e-05 -6.46417e-05 -5.75329e-06
internal_weight=1.125e+06 17510 17460 17437 10362 7075 50 1.10749e+06 4586 4522 1906 2616 64 1.1029e+06 272678 1047 271631 830226 130142 700084
internal_count=1125000 17510 17460 17437 10362 7075 50 1107490 4586 4522 1906 2616 64 1102904 272678 1047 271631 830226 130142 700084
is_linear=0
shrinkage=0.1


Tree=82
num_leaves=29
num_cat=0
split_feature=0 2 3 3 3 1 3 1 3 2 2 1 1 1 3 0 4 3 3 3 3 2 0 1 4 0 0 1
split_gain=0.0526305 0.0733432 0.176401 0.190831 0.212793 0.130204 0.441066 0.364016 0.24409 0.189558 0.173421 0.115941 0.085521 0.0442012 0.071661 0.196609 0.235307 0.146157 0.115646 0.216971 0.0601981 0.0294232 0.195427 0.167844 0.407187 0.137709 0.073356 0.0726272
threshold=4.4963213897204932 19.997940019516012 29.070563629475114 24.725916973027179 20.714453861919999 12.008678236001183 53.423193325038099 12.355582783623641 27.218457322517413 66.576656842882741 70.387646198278262 10.283475171466646 19.997346764138545 2.5971536299126865 1.8045293519870003 215.86967541444059 1.0000000180025095e-35 0.66160052873629926 3.5935557640380744 3.4434299811169997 10.503892420765782 98.030554611905373 846.95659820679737 37.708888892187268 1.0000000180025095e-35 382.32563257530609 80.447346599252143 29.415108231512932
decision_type=2 2 2 2 2 2 2 2 2 2 2 2 2 2 2 2 2 2 2 2 2 2 2 2 2 2 2 2
left_child=1 2 3 4 -1 6 10 -7 -9 -8 -3 -5 -4 14 15 17 -17 -2 19 -16 -20 23 26 24 -15 -25 -23 -24
right_child=13 5 12 11 -6 7 9 8 -10 -11 -12 -13 -14 21 18 16 -18 -19 20 -21 -22 22 27 25 -26 -27 -28 -29
leaf_value=0.0011738047513209827 2.3334648492647996e-05 0.0011357754028606211 -0.0071291928549703128 0.0011400317582725124 -0.0053509682846757086 -0.011564428596115062 -0.015369916481431573 -0.0012749874154050142 0.0011042210645609398 -0.0032864279365418733 0.0062890230192684795 0.010404269421207054 0.00027493756407728564 1.0779329571175605e-05 0.00048177094785109499 5.0773780953261203e-05 0.0036970091849191432 -0.0016501087940893337 -0.00011668394729769953 0.003478248744746143 0.00019327181365673914 0.00030832128949678447 -0.00011597940448991102 -0.00018401468737518707 0.00034374398646381838 2.9324170326767328e-06 -0.00013773296892505762 2.1859573829312797e-05
leaf_weight=1289 926 814 39 22 52 29 20 1020 747 37 71 35 26 239090 2742 1098 211 1196 9213 265 19588 3793 41744 61034 43394 111177 131793 453535
leaf_count=1289 926 814 39 22 52 29 20 1020 747 37 71 35 26 239090 2742 1098 211 1196 9213 265 19588 3793 41744 61034 43394 111177 131793 453535
internal_value=-4.63211e-12 0.000353289 0.000924897 0.00116167 0.000920793 4.78609e-05 0.00100005 -0.00045156 -0.000269176 -0.00752625 0.0015492 0.0068286 -0.00416754 -1.32421e-06 0.000108898 -0.0003253 0.000638517 -0.00091985 0.000155733 0.000745844 9.41217e-05 -4.90219e-06 -1.88791e-05 1.449e-05 6.1928e-05 -6.33243e-05 -0.000125255 1.0242e-05
internal_weight=1.125e+06 4201 1463 1398 1341 2738 942 1796 1767 57 885 57 65 1.1208e+06 35239 3431 1309 2122 31808 3007 28801 1.08556e+06 630865 454695 282484 172211 135586 495279
internal_count=1125000 4201 1463 1398 1341 2738 942 1796 1767 57 885 57 65 1120799 35239 3431 1309 2122 31808 3007 28801 1085560 630865 454695 282484 172211 135586 495279
is_linear=0
shrinkage=0.1


Tree=83
num_leaves=31
num_cat=0
split_feature=1 0 0 4 0 4 0 0 1 1 1 0 3 1 2 0 4 0 5 0 5 0 0 1 3 2 1 1 2 5
split_gain=0.0460373 0.259954 0.253166 0.335712 0.579236 0.225969 0.938461 1.68393 1.58915 0.458252 0.253116 0.194901 0.198053 0.169149 0.1395 0.134659 0.124889 0.396715 0.202314 0.171372 0.158975 0.0958676 0.353592 0.121609 0.120515 0.21487 0.145354 0.0927949 0.0893908 0.0758278
threshold=49.126168467743042 382.32563257530609 254.1656815360468 1.0000000180025095e-35 349.87966349223046 1.0000000180025095e-35 492.16667056395062 293.75649745342179 31.414430436738318 29.814448808391393 33.035686933952121 210.64890777113575 71.666555324106113 7.9088781355731905 171.51057077686019 356.19800766258339 1.0000000180025095e-35 421.98166853230646 1.0000000180025095e-35 402.01531791186449 1.0000000180025095e-35 375.45669354078956 435.24578305054064 1.6232680226368095 2.2888449815518479 21.700261088450059 12.355582783623641 35.142033136153387 150.10881348245968 1.0000000180025095e-35
decision_type=2 2 2 2 2 2 2 2 2 2 2 2 2 2 2 2 2 2 2 2 2 2 2 2 2 2 2 2 2 2
left_child=5 2 11 15 -5 21 7 9 -9 -7 13 12 -2 -8 -13 -4 19 18 -18 20 -3 24 23 -23 25 -1 -26 -24 -19 -12
right_child=1 16 3 4 -6 6 10 8 -10 -11 29 14 -14 -15 -16 -17 17 28 -20 -21 -22 22 27 -25 26 -27 -28 -29 -30 -31
leaf_value=-0.00054128215946121282 -6.4321344458935425e-05 0.00040250375091589291 -0.00052669036544128911 -0.00067665714218497007 -0.003990770471230475 -0.00013777942325704371 0.00012406300266986649 0.0019140682386400592 -0.00025962488615405608 0.00075995181517896169 -3.1345698493071162e-05 0.00060299981724494241 -0.00087202422315542361 -0.00057071466249551011 -0.0018760068289751673 0.00022754771343193531 -0.0031290127129274428 -0.00023745590932996226 0.00033375262390013391 1.651691357176172e-05 0.0023187652273046907 -0.0015850125983241433 -5.6805711550558643e-05 -0.00035662033489180535 0.0001722616976614244 5.832775880030224e-05 -1.4501533052110633e-06 7.8856066225001223e-05 -1.5731846102993331e-05 0.00047795706226447568
leaf_weight=9528 19004 1743 11110 1900 730 27141 4382 11598 4737 7193 11782 4910 3613 17491 238 3008 649 27430 228 431394 576 832 142437 25709 78138 16033 125591 78049 53938 3888
leaf_count=9528 19004 1743 11110 1900 730 27141 4382 11598 4737 7193 11782 4910 3613 17491 238 3008 649 27430 228 431394 576 832 142437 25709 78138 16033 125591 78049 53938 3888
internal_value=7.94377e-13 -2.03023e-05 -0.000252167 -0.00055923 -0.00159654 2.01564e-05 0.000167173 0.000447934 0.00128372 5.0296e-05 -0.00021175 -6.69457e-05 -0.00019335 -0.000431524 0.000488392 -0.000365991 -2.98713e-07 -0.000113279 -0.00222877 2.11257e-05 0.00087847 -7.07048e-06 -5.02928e-05 -0.000395128 3.94954e-05 -0.00016518 6.51751e-05 -8.78332e-06 -9.04773e-05 9.50212e-05
internal_weight=1.125e+06 560471 44513 16748 2630 564529 88212 50669 16335 34334 37543 27765 22617 21873 5148 14118 515958 82245 877 433713 2319 476317 247027 26541 229290 25561 203729 220486 81368 15670
internal_count=1125000 560471 44513 16748 2630 564529 88212 50669 16335 34334 37543 27765 22617 21873 5148 14118 515958 82245 877 433713 2319 476317 247027 26541 229290 25561 203729 220486 81368 15670
is_linear=0
shrinkage=0.1


Tree=84
num_leaves=26
num_cat=0
split_feature=0 1 2 1 3 1 3 2 1 1 3 1 2 4 2 3 2 0 2 2 1 2 2 0 0
split_gain=0.0443571 0.0740427 0.181804 0.20083 0.141388 0.107457 0.195991 0.134107 0.0846691 0.107692 0.0720393 0.0388718 0.0696185 0.110575 0.0705428 0.0659435 0.0610433 0.0590769 0.0321225 0.0982137 0.393984 0.158953 0.0861632 0.159992 0.158112
threshold=27.903107903807804 105.15928282405268 188.57497955581692 130.16763511600968 43.026788804341408 79.950533380549288 134.51119162720445 39.679005806819852 78.664265459579426 78.005585874661762 77.87561482053556 0.32162832209867892 140.12528709709906 1.0000000180025095e-35 136.69849076493759 58.41608046025798 154.86450528651753 736.40563460250439 33.021414686169713 40.532714382955369 44.884285269711206 42.341400818234497 15.609063627395278 210.64890777113575 85.191059321447781
decision_type=2 2 2 2 2 2 2 2 2 2 2 2 2 2 2 2 2 2 2 2 2 2 2 2 2
left_child=1 5 3 4 -3 8 7 -7 9 -1 -5 12 14 16 15 -2 -14 -15 22 20 -20 -21 24 -24 -13
right_child=11 2 -4 10 -6 6 -8 -9 -10 -11 -12 18 13 17 -16 -17 -18 -19 19 21 -22 -23 23 -25 -26
leaf_value=0.00013873383846216115 0.00051501516897096446 0.00017566959013049378 0.0080481779976533021 -0.0010170955094508827 0.0061628276292283683 -0.0041042603423924557 -0.0089604019440230331 0.00013420400037257761 0.0054475252145978932 -0.0060664415758635319 -0.0068570428660937729 0.00033825459226989509 -0.0035262889605399 0.0069877475189665961 0.0049810161677134391 -0.0011711221024010992 -0.00077414290966165331 0.0010433075913879736 0.0003544546519453622 -0.0004316021405247823 -0.00041018571221035865 5.4459863929104823e-07 -0.00026404441620429982 1.7062084591628034e-05 -3.4898641185268993e-05
leaf_weight=25100 3583 82 39 86 76 97 32 324 30 28 28 13619 102 21 34 248 384 82 27142 8594 8964 886898 39043 42056 68308
leaf_count=25100 3583 82 39 86 76 97 32 324 30 28 28 13619 102 21 34 248 384 82 27142 8594 8964 886898 39043 42056 68308
internal_value=-2.55535e-12 0.000129296 0.00166299 0.000747472 0.00305557 0.000110672 -0.00141581 -0.000842354 0.000138158 0.000131819 -0.00245147 -3.04948e-06 0.000291773 -0.000720982 0.00044611 0.000405863 -0.00135175 0.00225528 -4.2491e-06 2.91705e-06 0.000164618 -3.6027e-06 -4.51995e-05 -0.000118269 2.71319e-05
internal_weight=1.125e+06 25922 311 272 158 25611 453 421 25158 25128 114 1.09908e+06 4454 589 3865 3831 486 103 1.09462e+06 931598 36106 895492 163026 81099 81927
internal_count=1125000 25922 311 272 158 25611 453 421 25158 25128 114 1099078 4454 589 3865 3831 486 103 1094624 931598 36106 895492 163026 81099 81927
is_linear=0
shrinkage=0.1


Tree=85
num_leaves=25
num_cat=0
split_feature=0 2 1 1 2 2 2 3 2 0 4 1 0 0 3 2 1 3 2 5 1 1 3 2
split_gain=0.039156 0.0673852 0.0926085 0.293554 0.112186 0.265987 0.086229 0.076424 0.0343184 0.162884 0.119746 0.356952 0.641081 0.536224 0.0670431 0.23944 0.0650524 0.0785396 0.0703486 0.0607942 0.0560968 0.102666 0.079176 0.0196182
threshold=4.4963213897204932 187.12962959512558 58.742079568657545 55.032140597295701 59.187805367210245 82.165306805677574 126.13908276309181 20.024740508794043 106.65681282306214 838.25488854395655 1.0000000180025095e-35 41.689595352985286 293.75649745342179 293.75649745342179 0.17004055618924954 8.9962244922918568 179.36268907153655 25.20136532202044 264.77786249002287 1.0000000180025095e-35 29.415108231512932 28.206274442567771 10.327897283835398 52.104221236247703
decision_type=2 2 2 2 2 2 2 2 2 2 2 2 2 2 2 2 2 2 2 2 2 2 2 2
left_child=1 2 3 6 7 -6 -1 -4 10 16 14 12 -12 -13 15 -2 18 -18 -10 -16 21 -11 -22 -5
right_child=8 -3 4 23 5 -7 -8 -9 9 20 11 13 -14 -15 19 -17 17 -19 -20 -21 22 -23 -24 -25
leaf_value=0.0003619683207531757 0.001369651401358727 -0.0049789057258749388 0.0021413669216117878 -0.0059503499418497091 -0.005381312440226365 0.003530236867328103 -0.0036622749654472704 0.0071803564981328914 -0.00012915504980299617 -6.2482794640539421e-05 -1.9386905918693601e-05 0.00066999248876953993 0.00068055331930793185 -0.00040380103237817021 -2.0590786941834187e-05 -0.00084300513050938615 0.001606086733041361 -0.0014988610267497168 0.00068643843327670308 6.6865384290897584e-05 0.00015291537548351556 -0.00072389888232329152 4.8484667521084854e-06 -0.010152303176000715
leaf_weight=3812 595 24 68 25 53 91 54 54 108263 43088 30645 5970 22837 21042 328894 2747 94 611 1068 104815 39621 2482 408027 20
leaf_count=3812 595 24 68 25 53 91 54 54 108263 43088 30645 5970 22837 21042 328894 2747 94 611 1068 104815 39621 2482 408027 20
internal_value=-7.40627e-12 0.000304727 0.000335085 0.000212287 0.00214058 0.000250292 0.000305758 0.00437174 -1.14219e-06 -1.735e-05 1.77497e-05 0.000129833 0.00027949 -0.000166479 -2.89322e-06 -0.00044907 -0.000127362 -0.00108487 -0.000121188 5.44856e-07 7.19355e-06 -9.85073e-05 1.79538e-05 -0.00781788
internal_weight=1.125e+06 4201 4177 3911 266 144 3866 122 1.1208e+06 603254 517545 80494 53482 27012 437051 3342 110036 705 109331 433709 493218 45570 447648 45
internal_count=1125000 4201 4177 3911 266 144 3866 122 1120799 603254 517545 80494 53482 27012 437051 3342 110036 705 109331 433709 493218 45570 447648 45
is_linear=0
shrinkage=0.1


Tree=86
num_leaves=31
num_cat=0
split_feature=1 3 4 3 0 3 0 0 2 2 2 3 3 0 0 0 2 2 0 1 0 3 0 0 2 2 3 1 3 0
split_gain=0.0343677 0.0678133 0.209332 0.280663 0.48784 0.272955 0.307657 0.224289 0.100326 0.211754 0.156817 0.124208 0.121421 0.0966505 0.090643 0.0705261 0.0293969 0.183696 0.145163 0.103099 0.0845799 0.187345 0.157212 0.0815225 0.0764931 0.11126 0.335097 0.108521 0.258734 0.198731
threshold=0.97502496770627911 43.817272142045489 1.0000000180025095e-35 57.737925799387348 349.87966349223046 51.735695130449294 720.10485009436741 324.62189373858189 46.740103921651638 39.679005806819852 75.247988114465912 7.4963960213137542 5.2950531357905861 226.2026057194868 184.70044108233398 382.32563257530609 5.8810788195636361 5.0012879083941906 435.24578305054064 71.101226833267759 114.78451714929174 11.822650602197074 129.68042755244841 687.45769397629954 12.125624538503407 21.700261088450059 1.9751030270145933 4.1936115663625531 1.0000000180025095e-35 189.70910812143933
decision_type=2 2 2 2 2 2 2 2 2 2 2 2 2 2 2 2 2 2 2 2 2 2 2 2 2 2 2 2 2 2
left_child=1 8 3 4 -3 15 -7 -5 9 12 11 -10 -1 -11 -12 -4 17 20 19 -19 21 -2 -22 -20 27 26 -26 29 -29 -18
right_child=16 2 5 7 -6 6 -8 -9 10 13 14 -13 -14 -15 -16 -17 24 18 23 -21 22 -23 -24 -25 25 -27 -28 28 -30 -31
leaf_value=0.00074898837034792856 -5.4303229401389145e-05 0.0049064610788448499 -0.005231459335024868 -0.003471919565089437 -0.0014806944891254273 0.0084614525562679097 0.00020207370159356565 0.00021168599172352825 5.1036294760695362e-05 0.0012301953967787315 0.0022979906854862886 -0.001692185911764534 -0.00018218417329095353 0.0038541802639839025 1.4255606419161033e-05 0.001318402358541085 0.00017270959860085508 -0.0011004248727095028 0.0012210122307764425 0.0024068426280749455 -0.001263988360788078 0.00090295968722957246 -5.2196753727855601e-05 -0.00056573507373142715 -0.0010369814246902682 3.2891610685089787e-06 -7.3621479931859789e-05 -0.0046284743514843282 0.00023018370687890059 -0.0012782811102883022
leaf_weight=2182 6635 276 35 239 211 118 73 536 661 455 183 1071 3909 203 3456 31 2715 3298 523 86 1133 2955 19440 499 3934 994294 43939 110 30353 1447
leaf_count=2182 6635 276 35 239 211 118 73 536 661 455 183 1071 3909 203 3456 31 2715 3298 523 86 1133 2955 19440 499 3934 994294 43939 110 30353 1447
internal_value=1.44735e-11 0.000157774 0.000787626 0.00025787 0.00213913 0.003389 0.00530473 -0.00092429 7.88346e-05 0.000335497 -0.000243678 -0.0010269 0.000151393 0.00203972 0.000129101 -0.00215501 -1.93624e-06 -9.27069e-05 -0.000695852 -0.00101129 -4.60365e-06 0.000240662 -0.000118933 0.000348618 9.77832e-07 -3.88032e-06 -0.000152786 0.000147202 0.000212639 -0.000331755
internal_weight=1.125e+06 13639 1519 1262 487 257 191 775 12120 6749 5371 1732 6091 658 3639 66 1.11136e+06 34569 4406 3384 30163 9590 20573 1022 1.07679e+06 1.04217e+06 47873 34625 30463 4162
internal_count=1125000 13639 1519 1262 487 257 191 775 12120 6749 5371 1732 6091 658 3639 66 1111361 34569 4406 3384 30163 9590 20573 1022 1076792 1042167 47873 34625 30463 4162
is_linear=0
shrinkage=0.1


Tree=87
num_leaves=31
num_cat=0
split_feature=1 0 0 4 0 0 3 4 0 0 1 1 1 0 0 0 4 0 5 0 0 5 0 0 1 3 2 3 1 5
split_gain=0.0340789 0.207577 0.196668 0.267424 0.470161 0.157209 0.157887 0.143717 0.747533 1.24703 1.30767 0.376244 0.216498 0.157446 0.130755 0.108839 0.0886522 0.321265 0.165865 0.142163 0.0723482 0.0714819 0.0713119 0.289602 0.131415 0.0865154 0.210521 0.121855 0.0701951 0.041717
threshold=49.126168467743042 382.32563257530609 254.1656815360468 1.0000000180025095e-35 368.57110927176376 210.64890777113575 71.666555324106113 1.0000000180025095e-35 492.16667056395062 293.75649745342179 39.0079733299319 25.411803539007593 33.035686933952121 769.72893235073286 221.11385899414822 356.19800766258339 1.0000000180025095e-35 470.45223873665543 1.0000000180025095e-35 408.82488804754718 1140.5995078468961 1.0000000180025095e-35 375.45669354078956 441.87024797080215 42.141404053235895 2.2888449815518479 1.0000000180025095e-35 3.5935557640380744 35.142033136153387 1.0000000180025095e-35
decision_type=2 2 2 2 2 2 2 2 2 2 2 2 2 2 2 2 2 2 2 2 2 2 2 2 2 2 2 2 2 2
left_child=7 2 5 15 -5 6 -2 22 9 11 -11 -9 13 -10 -7 -4 19 18 -18 21 -14 -3 25 24 -24 26 -1 -27 -25 -19
right_child=1 16 3 4 -6 14 -8 8 12 10 -12 -13 20 -15 -16 -17 17 29 -20 -21 -22 -23 23 28 -26 27 -28 -29 -30 -31
leaf_value=-0.0045848832065942301 -5.9731521995303395e-05 0.00041025316374416202 -0.00046730549225556194 -0.00092525549321227944 -0.0050262913643501468 0.0013564700057242529 -0.00078089573013322405 -0.00016628506318836495 -0.00069668035605105635 0.0014702562102077742 -0.0010837090636911862 0.00056664049751659973 0.0002125507286460608 -0.00015849255325930606 0.00016100469704531596 0.00021077676811490195 -0.0018633771124354445 -0.00010436475918589776 0.00014445214209903086 1.3511254912977864e-05 -0.00026850521076728003 0.0015023305297384366 -0.00040520116462046147 -4.4059066346936618e-05 0.00031427727205745801 0.00034456289722508348 -0.00011910727555589174 3.6708787719232685e-05 7.4578185094201688e-05 6.2621163684428095e-05
leaf_weight=106 19004 2417 11110 2312 318 1190 3613 24531 10094 13995 2340 9803 11356 11779 3958 3008 1521 60258 564 430499 4314 797 26559 140274 2807 13791 25455 189938 77387 19902
leaf_count=106 19004 2417 11110 2312 318 1190 3613 24531 10094 13995 2340 9803 11356 11779 3958 3008 1521 60258 564 430499 4314 797 26559 140274 2807 13791 25455 189938 77387 19902
internal_value=-6.01523e-12 -1.74676e-05 -0.000224661 -0.000495301 -0.00142112 -6.14103e-05 -0.000174935 1.7342e-05 0.000134587 0.000385166 0.0011044 4.29789e-05 -0.000203601 -0.000406857 0.000437346 -0.000322832 4.07534e-07 -9.47808e-05 -0.00132025 1.84581e-05 8.01145e-05 0.000681064 -4.37132e-06 -4.16494e-05 -0.000336429 3.57904e-05 -0.000137627 5.75483e-05 -1.87888e-06 -6.29058e-05
internal_weight=1.125e+06 560471 44513 16748 2630 27765 22617 564529 88212 50669 16335 34334 37543 21873 5148 14118 515958 82245 2085 433713 15670 3214 476317 247027 29366 229290 25561 203729 217661 80160
internal_count=1125000 560471 44513 16748 2630 27765 22617 564529 88212 50669 16335 34334 37543 21873 5148 14118 515958 82245 2085 433713 15670 3214 476317 247027 29366 229290 25561 203729 217661 80160
is_linear=0
shrinkage=0.1


Tree=88
num_leaves=31
num_cat=0
split_feature=1 0 3 2 2 3 0 3 0 0 2 0 0 2 1 2 3 2 0 1 0 0 1 2 2 1 0 2 3 2
split_gain=0.0330686 0.0640157 0.208069 0.219401 0.25807 0.18092 0.190016 0.184862 0.128556 0.290504 0.271525 0.183002 0.182613 0.120737 0.0873139 0.0792117 0.0412658 0.178285 0.243759 0.217551 0.287936 0.134493 0.0921597 0.0411036 0.152604 0.128617 0.103723 0.101387 0.177887 0.103177
threshold=4.530515572885073 66.086964124052528 37.88304507812294 54.802046059218149 19.997940019516012 32.473979567358931 55.960329028050701 16.599195070961976 149.91895994542452 134.76981242818351 1.0000000180025095e-35 200.05875797248453 194.80748006342415 46.740103921651638 3.8896920106905677 78.17305103525095 1.0000000180025095e-35 3.5550580069080908 46.274216359937704 16.339205817117715 66.086964124052528 85.191059321447781 8.5880882513230521 5.8810788195636361 5.0012879083941906 72.924644547719666 114.78451714929174 12.125624538503407 3.761251532923978 21.700261088450059
decision_type=2 2 2 2 2 2 2 2 2 2 2 2 2 2 2 2 2 2 2 2 2 2 2 2 2 2 2 2 2 2
left_child=1 2 5 4 -4 7 -7 -1 9 15 11 -10 -12 -11 -5 -3 17 18 -2 21 -21 -19 -20 24 26 -26 -18 28 -25 -29
right_child=16 8 3 14 -6 6 -8 -9 10 13 12 -13 -14 -15 -16 -17 23 19 22 20 -22 -23 -24 27 25 -27 -28 29 -30 -31
leaf_value=0.00058341142972476406 -0.0046883520020995868 1.6694733225723176e-05 0.0024418634828180076 0.00095342041671808275 -0.0042459510658997487 0.0038675434664464988 -0.0029763649567030371 -0.00052833949862089149 -0.013983907355854863 -0.00094402714805149723 0.00067229816075338596 -0.002717718207176127 3.922575360245952e-05 -0.0028013039518649655 -0.0031181359220006986 -0.0013093419343623951 0.00028466538768846258 -0.0055082362559915055 0.012464876880403609 0.010171977675054223 -0.001331222285379601 -0.0013489268827145673 0.004039444652310497 0.00079057680393898426 -0.00090276815478387276 0.0010869129944426036 -0.00016099428451169304 -0.00015860044438192165 8.3461279112369128e-05 9.2216487379909267e-07
leaf_weight=7154 26 9463 71 350 308 262 48 1891 21 1444 5246 46 34664 462 62 473 7335 128 20 32 68 198 37 4127 3419 359 18132 42331 25788 961035
leaf_count=7154 26 9463 71 350 308 262 48 1891 21 1444 5246 46 34664 462 62 473 7335 128 20 32 68 198 37 4127 3419 359 18132 42331 25788 961035
internal_value=7.59943e-15 7.10121e-05 0.000300715 -0.00125665 -0.00299309 0.000432396 0.00280784 0.000350982 2.60369e-05 -0.00026336 0.000111762 -0.00624891 0.00012244 -0.00139422 0.00034071 -4.64308e-05 -4.13934e-06 -0.000904326 0.00333566 -0.00173043 0.0023498 -0.00298203 0.00699574 -3.70811e-06 -0.000120619 -0.000713701 -3.26355e-05 -3.99187e-07 0.000181013 -5.80793e-06
internal_weight=1.125e+06 61965 10146 791 379 9355 310 9045 51819 11842 39977 67 39910 1906 412 9936 1.06304e+06 509 83 426 100 326 57 1.06253e+06 29245 3778 25467 1.03328e+06 29915 1.00337e+06
internal_count=1125000 61965 10146 791 379 9355 310 9045 51819 11842 39977 67 39910 1906 412 9936 1063035 509 83 426 100 326 57 1062526 29245 3778 25467 1033281 29915 1003366
is_linear=0
shrinkage=0.1


Tree=89
num_leaves=27
num_cat=0
split_feature=0 2 3 1 1 2 1 3 2 1 1 2 3 3 1 5 0 1 2 3 1 3 1 1 2 3
split_gain=0.0303795 0.0571402 0.149821 0.145227 0.124457 0.116985 0.44658 0.279864 0.171374 0.166853 0.106733 0.0293635 0.169546 0.133253 0.234468 0.122382 0.119006 0.0869602 0.0434783 0.0948032 0.111768 0.0783789 0.0403275 0.059911 0.0435791 0.0216433
threshold=4.4963213897204932 19.997940019516012 34.931197622941248 14.92635571060857 14.168824019439741 22.490770009941482 30.61838812555165 2.784044095339262 23.350992679250567 0.32162832209867892 18.89198226933788 0.72482343342419686 0.49947855308759742 4.9473631170528565 1.6232680226368095 1.0000000180025095e-35 94.974397187399418 16.339205817117715 5.8810788195636361 0.17004055618924954 28.602898206122244 1.3204739135417978 2.5971536299126865 1.9602588296656747 12.125624538503407 15.357361414491498
decision_type=2 2 2 2 2 2 2 2 2 2 2 2 2 2 2 2 2 2 2 2 2 2 2 2 2 2
left_child=1 2 3 4 -1 6 7 -3 25 -10 -5 12 15 14 -14 16 -2 -15 19 20 -13 -21 23 -20 -24 -7
right_child=11 5 -4 10 -6 8 -8 -9 9 -11 -12 18 13 17 -16 -17 -18 -19 22 21 -22 -23 24 -25 -26 -27
leaf_value=0.00035132992972586406 -0.0013726406187439958 -0.0089526744591521806 -0.0061049489304423332 0.0048021882230738907 -0.0066693786030205399 0.0036956494202298167 -0.014090113724315807 0.0021116046319043058 0.0091302725393325092 -4.0162434654349276e-05 0.0014510805041704291 0.0018386956173500988 0.0057603399658026841 0.0006339434596213439 0.00084280472121584329 0.0024313471929141971 -0.0075693477285342665 -0.00034393295842166492 3.3923214344763212e-05 -0.00083445329944475163 -0.0053445800654868519 -0.00010191841655604394 0.00011263289760935093 0.0003547223420240931 -5.646026155717087e-06 0.0073985765205213314
leaf_weight=875 63 29 31 124 26 38 28 108 20 2488 407 372 112 1674 722 33 61 1991 23580 1538 23 29038 32130 7730 1021732 27
leaf_count=875 63 29 31 124 26 38 28 108 20 2488 407 372 112 1674 722 33 61 1991 23580 1538 23 29038 32130 7730 1021732 27
internal_value=-4.24382e-12 0.000268412 0.000772944 0.000921837 0.000148735 -1.176e-06 -0.00258241 -0.000230469 0.000164352 3.2967e-05 0.00223364 -1.00607e-06 0.000249601 0.000362328 0.00150319 -0.00298071 -0.00442102 0.000102715 -2.05148e-06 -0.00011888 0.00142043 -0.000138766 1.28282e-06 0.000113124 -2.03995e-06 0.00523379
internal_weight=1.125e+06 4201 1463 1432 901 2738 165 137 2573 2508 531 1.1208e+06 4656 4499 834 157 124 3665 1.11614e+06 30971 395 30576 1.08517e+06 31310 1.05386e+06 65
internal_count=1125000 4201 1463 1432 901 2738 165 137 2573 2508 531 1120799 4656 4499 834 157 124 3665 1116143 30971 395 30576 1085172 31310 1053862 65
is_linear=0
shrinkage=0.1


Tree=90
num_leaves=31
num_cat=0
split_feature=2 0 4 0 1 0 0 0 3 5 2 3 1 0 2 0 1 0 2 1 3 1 3 3 4 3 5 1 1 5
split_gain=0.0282013 0.122941 0.0870584 0.259683 0.435868 1.60355 1.16505 0.194918 0.163682 0.109158 0.0594024 0.103606 0.19431 0.115797 0.0589816 0.108296 0.275158 0.104268 0.078152 0.174662 0.061764 0.0552488 0.14955 0.0989611 0.0411394 0.151652 0.463933 0.200516 0.0202221 0.08994
threshold=106.65681282306214 838.25488854395655 1.0000000180025095e-35 462.91425462023307 43.02815439987058 293.75649745342179 299.94840935561297 638.21348396747555 7.6583494724448959 1.0000000180025095e-35 71.318861142975067 34.006530534810061 3.2130181627331393 114.78451714929174 108.80783304055315 318.54227862122303 22.26436678502127 337.36869904462708 115.64129713328326 155.46355438005239 248.11925831338098 9.9541473246168 24.969573200257507 42.648801484559669 1.0000000180025095e-35 21.60034569244181 1.0000000180025095e-35 22.26436678502127 65.883698363170808 1.0000000180025095e-35
decision_type=2 2 2 2 2 2 2 2 2 2 2 2 2 2 2 2 2 2 2 2 2 2 2 2 2 2 2 2 2 2
left_child=2 14 10 4 5 -4 -6 8 -5 -9 21 13 -13 -12 15 16 -2 -17 19 -16 -20 22 -1 -23 28 26 -26 -27 29 -3
right_child=1 24 3 7 6 -7 -8 9 -10 -11 11 12 -14 -15 18 17 -18 -19 20 -21 -22 23 -24 -25 25 27 -28 -29 -30 -31
leaf_value=0.00012968796171635891 -0.0035831659450520914 3.726601835074699e-06 8.8130195819603227e-06 -0.001037118813349873 0.00054379211307914498 0.0013808271983305582 -0.0016808277098105393 -5.8063558951988796e-05 -0.00021125169652959602 0.00053957479650034704 -0.00052882632592931471 0.0018320417674802135 0.00020256233236355811 3.7348395292941055e-05 0.00011729744293294958 0.0031843994056213309 -0.00010428224473159345 -0.00028718509258913175 -0.00013954789845818942 -0.0050365540173405669 0.00078989796880723064 -7.9701740657345339e-05 -0.00020104600095530642 8.2339675773766019e-05 -9.5663691027887942e-05 -0.00098744076567130307 0.0010445234876753121 -9.8713145026948867e-05 2.9153065864982792e-06 0.00018464933449476316
leaf_weight=57253 358 109431 31603 3298 5786 11662 3969 11886 8812 4114 3743 760 19727 103535 17765 88 623 5129 85466 66 721 190471 17961 46986 14525 2657 4731 57022 268163 36689
leaf_count=57253 358 109431 31603 3298 5786 11662 3969 11886 8812 4114 3743 760 19727 103535 17765 88 623 5129 85466 66 721 190471 17961 46986 14525 2657 4731 57022 268163 36689
internal_value=9.20048e-12 -1.47196e-05 1.70302e-05 0.000112222 0.000242492 0.000378637 -0.000361335 -0.000133486 -0.000436166 9.56042e-05 -5.04619e-07 5.69465e-05 0.000263011 1.75942e-05 -0.000110204 -0.000409888 -0.00137384 -0.000228627 -9.23466e-05 9.82209e-05 -0.000131773 -2.39805e-05 5.07091e-05 -4.76383e-05 6.61747e-06 -5.95468e-05 0.000184469 -0.000138281 1.9224e-05 4.91542e-05
internal_weight=1.125e+06 603434 521566 81130 53020 43265 9755 28110 12110 16000 440436 127765 20487 107278 110216 6198 981 5217 104018 17831 86187 312671 75214 237457 493218 78935 19256 59679 414283 146120
internal_count=1125000 603434 521566 81130 53020 43265 9755 28110 12110 16000 440436 127765 20487 107278 110216 6198 981 5217 104018 17831 86187 312671 75214 237457 493218 78935 19256 59679 414283 146120
is_linear=0
shrinkage=0.1


Tree=91
num_leaves=28
num_cat=0
split_feature=2 3 0 0 3 3 0 1 1 3 2 3 3 1 3 1 0 1 0 0 3 2 2 0 2 2 2
split_gain=0.027065 0.404647 0.139083 0.269782 0.198793 0.0854316 0.0813574 0.0804834 0.177683 0.0990353 0.0521372 0.151357 0.202948 0.165006 0.128724 0.326995 0.122826 0.0750763 0.0514794 0.0314976 0.05617 0.33996 0.213412 0.0310396 0.0290312 0.145964 0.0790413
threshold=1.0000000180025095e-35 1.1486605085622197 75.688736751726523 51.02043124327782 19.144525681998555 0.17004055618924954 60.929994445440563 4.8857293773712565 11.299572368020767 20.935032227712135 0.72482343342419686 4.9473631170528565 4.5982103553523883 0.97502496770627911 12.000052902189005 2.5971536299126865 265.54131666192279 16.711477229709001 85.191059321447781 9.1786832152300537 34.614352703320584 9.7509115271931233 117.93777455015096 75.688736751726523 21.700261088450059 19.997940019516012 22.490770009941482
decision_type=2 2 2 2 2 2 2 2 2 2 2 2 2 2 2 2 2 2 2 2 2 2 2 2 2 2 2
left_child=1 5 3 4 -3 23 -5 9 -9 -4 11 12 13 -2 15 -13 -16 -14 -7 20 22 -22 -12 -1 25 -21 -26
right_child=10 2 7 6 -6 18 -8 8 -10 -11 19 14 17 -15 16 -17 -18 -19 -20 24 21 -23 -24 -25 26 -27 -28
leaf_value=-0.0011867951130261646 0.0064548650623432223 -0.0014353907821674106 -0.0046177644400274033 0.01180075100036683 0.0090235104740020774 -0.014092700360342861 0.0046964066385407933 0.0045301193853948219 -0.0011216218369519695 0.0022788087699424338 3.6063977031792537e-05 -0.0069655737168865198 0.012881939141079785 0.00080851602817738665 0.0012627545850083044 -0.00034732376123797957 -0.00018280522317836332 0.0042172829248011117 -0.0070037149114622957 -1.8032341081288277e-05 0.012072741928008888 0.00054154877888201063 0.0099012573765569628 -0.0066913867768432422 0.00044183676363057525 -0.00044925908150624536 1.3254885822690013e-06
leaf_weight=20 56 135 91 27 21 20 40 69 287 27 6744 84 20 683 998 671 1430 20 21 105240 26 1535 22 21 4090 8482 994120
leaf_count=20 56 135 91 27 21 20 40 69 287 27 6744 84 20 683 998 671 1430 20 21 105240 26 1535 22 21 4090 8482 994120
internal_value=-1.98677e-12 -0.00058923 0.000192506 0.00225198 -2.74618e-05 -0.00723399 0.00755935 -0.000776405 -2.62001e-05 -0.00303973 4.0829e-07 0.000362526 0.0016119 0.00123639 5.67563e-05 -0.00108366 0.000411375 0.00854961 -0.0104618 -8.72406e-07 0.000192892 0.000733612 6.81412e-05 -0.00400622 -2.32346e-06 -5.01956e-05 3.13041e-06
internal_weight=1.125e+06 779 697 223 156 82 67 474 356 118 1.12422e+06 3962 779 739 3183 755 2428 40 41 1.12026e+06 8327 1561 6766 41 1.11193e+06 113722 998210
internal_count=1125000 779 697 223 156 82 67 474 356 118 1124221 3962 779 739 3183 755 2428 40 41 1120259 8327 1561 6766 41 1111932 113722 998210
is_linear=0
shrinkage=0.1


Tree=92
num_leaves=31
num_cat=0
split_feature=2 0 1 4 0 0 0 5 0 0 3 0 3 2 3 2 0 3 2 0 3 3 0 1 1 1 5 3 3 5
split_gain=0.0235255 0.100246 0.0764153 0.157174 0.437437 1.60163 0.342103 0.11484 0.139295 0.0976344 0.0942762 0.13925 0.146688 0.124133 0.051096 0.0559677 0.0501866 0.290028 0.271837 0.17375 0.281882 0.15013 0.0670995 0.0446597 0.0398046 0.0842755 0.335859 0.0607653 0.0593069 0.237479
threshold=106.65681282306214 838.25488854395655 37.708888892187268 1.0000000180025095e-35 293.75649745342179 462.91425462023307 154.95007912577321 1.0000000180025095e-35 382.32563257530609 435.24578305054064 11.047447386928953 9.1786832152300537 2.784044095339262 47.569734802736484 11.248316534180994 14.767849398866245 80.447346599252143 22.554639965850395 114.48360636598389 104.79282847163346 206.26171303569518 23.980774207116667 154.95007912577321 83.309500263997833 29.415108231512932 28.206274442567771 1.0000000180025095e-35 50.670403033041453 10.327897283835398 1.0000000180025095e-35
decision_type=2 2 2 2 2 2 2 2 2 2 2 2 2 2 2 2 2 2 2 2 2 2 2 2 2 2 2 2 2 2
left_child=2 16 3 7 6 -6 -5 8 -1 -9 11 12 -4 -13 15 -12 17 18 -2 20 -18 -19 -21 -16 25 27 -27 -3 29 -26
right_child=1 24 10 4 5 -7 -8 9 -10 -11 14 13 -14 -15 23 -17 19 21 -20 22 -22 -23 -24 -25 28 26 -28 -29 -30 -31
leaf_value=3.0179382702468471e-05 -0.00125945581804853 -1.4389236201694658e-05 -0.001549176123543558 0.00025474581979126023 0.0014160591602450125 -0.00034658048208497224 -0.00042882246847938455 6.4426009913021965e-05 -0.00015037816644486674 0.00035376794940519894 -0.002608138672318698 -0.00039111347348439628 0.0029292026759815473 -5.7178464878346959e-05 -3.2833227017667206e-05 0.00089226451868506639 -0.0018005701723576868 -0.0081924038960344402 0.006400556581409431 0.0004603435632176593 0.0069882581378088188 9.9323532184308636e-05 -0.00011046423333434855 9.1918322270989269e-05 -1.0470303793729869e-05 2.5747799868283972e-05 -0.0026528226214212487 -0.00044029070100930467 3.544778648301675e-06 0.00055330368343927099
leaf_weight=151459 69 39427 99 17143 10630 10009 12779 51631 59517 15065 48 16405 280 34631 100811 944 920 22 141 2101 38 2932 103993 40115 29630 1856 626 3661 408027 9991
leaf_count=151459 69 39427 99 17143 10630 10009 12779 51631 59517 15065 48 16405 280 34631 100811 944 920 22 141 2101 38 2932 103993 40115 29630 1856 626 3661 408027 9991
internal_value=-5.95574e-12 -1.34441e-05 1.55544e-05 4.49307e-05 0.000207096 0.000561257 -3.71905e-05 1.54023e-05 -2.07565e-05 0.000129781 -3.43195e-05 -0.000150337 0.00175939 -0.000164518 7.71192e-06 0.00072289 -9.96655e-05 0.000292844 0.0038837 -0.000111266 -0.00145195 3.75707e-05 -9.91604e-05 2.67767e-06 5.82314e-06 -8.3215e-05 -0.00064983 -5.05762e-05 1.48871e-05 0.000131693
internal_weight=1.125e+06 603434 521566 328233 50561 20639 29922 277672 210976 66696 193333 51415 379 51036 141918 992 110216 3164 210 107052 958 2954 106094 140926 493218 45570 2482 43088 447648 39621
internal_count=1125000 603434 521566 328233 50561 20639 29922 277672 210976 66696 193333 51415 379 51036 141918 992 110216 3164 210 107052 958 2954 106094 140926 493218 45570 2482 43088 447648 39621
is_linear=0
shrinkage=0.1


Tree=93
num_leaves=31
num_cat=0
split_feature=1 0 0 4 5 0 0 1 0 0 4 0 1 3 1 0 4 2 5 5 0 2 1 0 5 3 4 3 4 0
split_gain=0.0228905 0.179878 0.106638 0.140678 0.510989 0.0981167 0.213555 0.176491 0.0958741 0.0710521 0.156976 0.618404 1.06672 0.294984 0.109515 0.0779993 0.176082 0.0741423 0.118678 0.10573 0.0733817 0.0826609 0.0825899 0.0648118 0.186683 0.30536 0.126239 0.0594486 0.0517632 0.164411
threshold=50.598730019893615 382.32563257530609 271.23520627450051 1.0000000180025095e-35 1.0000000180025095e-35 184.70044108233398 169.86149678189096 227.39829742027635 356.19800766258339 414.8956391585902 1.0000000180025095e-35 349.87966349223046 28.206274442567771 3.1097594941533644 34.733114782550466 421.98166853230646 1.0000000180025095e-35 69.44115030113646 1.0000000180025095e-35 1.0000000180025095e-35 382.32563257530609 61.865708868033941 42.598077773313555 402.01531791186449 1.0000000180025095e-35 63.973585704843202 1.0000000180025095e-35 0.33348640299863958 1.0000000180025095e-35 421.98166853230646
decision_type=2 2 2 2 2 2 2 2 2 2 2 2 2 2 2 2 2 2 2 2 2 2 2 2 2 2 2 2 2 2
left_child=9 2 5 8 -5 6 -2 -7 -4 10 20 13 -13 -12 15 16 -11 18 -16 -19 21 -1 -22 24 26 -26 -3 -17 -25 -30
right_child=1 23 3 4 -6 7 -8 -9 -10 14 11 12 -14 -15 17 27 -18 19 -20 -21 22 -23 -24 28 25 -27 -28 -29 29 -31
leaf_value=-2.6151962916594623e-06 -0.00013300035159159851 0.00034414314808999761 -0.00046798276875672606 -0.0021041282445969484 0.0013710751940885127 0.00018562925286557923 -0.0013447943903443079 -0.0060916698517070877 0.00020370087498658882 -0.00096195118009257037 0.00071823011238819504 0.0022988867743546815 -0.00058003936138648841 -3.423338025804428e-05 1.8074924537778942e-05 -0.0006575847179142554 0.0011539188840083386 3.0229035626723293e-05 -0.00060792119956479436 0.00027849552918052933 -0.00027560621841996188 0.00013608520951166416 0.00051506655672226389 1.3217224164545635e-05 0.0028957436255848262 -0.0030362503573149267 -0.0019326293245088182 -5.6599492923322532e-05 -0.0020360769527820485 -6.3992072867213368e-05
leaf_weight=178283 16813 1640 8699 1594 576 9575 1592 45 2812 2287 6165 3419 2064 33628 11818 1662 475 69473 4072 22778 13449 56612 1465 422606 551 103 286 170347 425 79686
leaf_count=178283 16813 1640 8699 1594 576 9575 1592 45 2812 2287 6165 3419 2064 33628 11818 1662 475 69473 4072 22778 13449 56612 1465 422606 551 103 286 170347 425 79686
internal_value=1.09308e-12 -1.46629e-05 -0.000214266 -0.000443127 -0.00118168 -0.000102543 -0.000237818 0.000156266 -0.000303898 1.38766e-05 4.82069e-05 0.000219529 0.00121515 8.23433e-05 -2.19309e-05 -7.08718e-05 -0.000598071 5.71645e-05 -0.000142344 9.15293e-05 1.71561e-05 3.0813e-05 -0.000197939 1.81192e-06 0.000501738 0.0019615 6.05544e-06 -6.24064e-05 -7.53758e-07 -7.44543e-05
internal_weight=1.125e+06 547003 41706 13681 2170 28025 18405 9620 11511 577997 295085 45276 5483 39793 282912 174771 2762 108141 15890 92251 249809 234895 14914 505297 2580 654 1926 172009 502717 80111
internal_count=1125000 547003 41706 13681 2170 28025 18405 9620 11511 577997 295085 45276 5483 39793 282912 174771 2762 108141 15890 92251 249809 234895 14914 505297 2580 654 1926 172009 502717 80111
is_linear=0
shrinkage=0.1


Tree=94
num_leaves=28
num_cat=0
split_feature=2 3 0 0 3 0 1 3 0 5 1 2 3 3 1 3 1 0 1 2 3 3 1 0 1 3 3
split_gain=0.0220005 0.329019 0.111829 0.218839 0.162194 0.0799927 0.107494 0.068963 0.0660148 0.0446403 0.0421998 0.0420252 0.121281 0.164845 0.1354 0.104108 0.265382 0.0998857 0.0606338 0.0268084 0.137538 0.235113 0.166463 0.0251331 0.0249012 0.0457707 0.0192654
threshold=1.0000000180025095e-35 1.1486605085622197 75.688736751726523 51.02043124327782 20.260680327264467 395.25623469657438 69.361478868505174 0.17004055618924954 60.929994445440563 1.0000000180025095e-35 4.8857293773712565 0.72482343342419686 4.9473631170528565 4.5982103553523883 1.2652549207618 12.000052902189005 2.5971536299126865 305.93431174361984 16.711477229709001 1.3705252678591722 0.66160052873629926 5.4659381186409677 21.895020442691667 75.688736751726523 0.65066894526553487 1.1486605085622197 0.33348640299863958
decision_type=2 2 2 2 2 2 2 2 2 2 2 2 2 2 2 2 2 2 2 2 2 2 2 2 2 2 2
left_child=1 7 3 4 -3 6 -4 23 -5 -7 -9 12 13 14 -2 16 -14 -17 -15 20 22 -22 -13 -1 25 -21 -26
right_child=11 2 5 8 -6 9 -8 10 -10 -11 -12 19 15 18 -16 17 -18 -19 -20 24 21 -23 -24 -25 26 -27 -28
leaf_value=-0.0010859091053135117 0.0053233519601433178 -0.0012691390798221726 -0.00084313393247284702 0.010621033750336481 0.0083757199975661931 0.00072936438142655877 -0.007746433302721319 -0.0062920860413994114 0.0042215329860482596 0.0060878855684264148 -0.012710423657554202 0.0039346914229732334 -0.0062727003545227315 0.011589862615219319 0.00067103610588837095 0.0010368616414904851 -0.00031047398134689206 -0.00024685534909189128 0.0038030886510387069 -0.00065681849538983244 -0.001800709496405279 2.7486526120129831e-05 -0.0052543231721400574 -0.0060391626986009738 -0.00014409938674095403 0.00022940629824123152 6.930130460082106e-08
leaf_weight=20 69 136 375 27 20 53 24 21 40 22 20 138 84 20 670 1168 671 1260 20 627 890 3356 23 21 9348 8262 1097615
leaf_count=20 69 136 375 27 20 53 24 21 40 22 20 138 84 20 670 1168 671 1260 20 627 890 3356 23 21 9348 8262 1097615
internal_value=9.18432e-12 -0.000531248 0.00017366 0.00202036 -3.26187e-05 -0.000695147 -0.00125837 -0.00652296 0.00680044 0.0023012 -0.00942298 3.68124e-07 0.000325479 0.00144386 0.00110542 5.17693e-05 -0.000973821 0.000370682 0.00769648 -7.81689e-07 -0.000246936 -0.00035572 0.00262198 -0.00362294 1.90486e-07 0.000166895 -1.14816e-06
internal_weight=1.125e+06 779 697 223 156 474 399 82 67 75 41 1.12422e+06 3962 779 739 3183 755 2428 40 1.12026e+06 4407 4246 161 41 1.11585e+06 8889 1.10696e+06
internal_count=1125000 779 697 223 156 474 399 82 67 75 41 1124221 3962 779 739 3183 755 2428 40 1120259 4407 4246 161 41 1115852 8889 1106963
is_linear=0
shrinkage=0.1


Tree=95
num_leaves=31
num_cat=0
split_feature=2 0 2 0 4 0 1 1 3 0 4 3 0 0 5 0 2 1 3 0 0 3 3 2 1 1 5 3 3 5
split_gain=0.0191356 0.0787335 0.0629268 0.109044 0.193209 0.295609 0.10043 0.0730964 0.136826 0.0922109 0.280595 0.152602 0.0826755 0.0756463 0.0513919 0.21369 0.259101 0.18355 0.0498377 0.242582 0.0834046 0.0397269 0.217111 0.103312 0.0280713 0.112491 0.477278 0.0493665 0.048767 0.197728
threshold=106.65681282306214 838.25488854395655 71.318861142975067 462.91425462023307 1.0000000180025095e-35 51.02043124327782 14.92635571060857 37.708888892187268 18.036860505980265 293.75649745342179 1.0000000180025095e-35 120.58203218625364 590.21262511922748 254.1656815360468 1.0000000180025095e-35 744.85714551212072 178.56400817720504 108.02444895850697 17.415946881945324 14.108436749205056 382.32563257530609 23.283114988343613 21.387436257031528 73.302360851082042 29.015675144927656 28.206274442567771 1.0000000180025095e-35 50.670403033041453 10.327897283835398 1.0000000180025095e-35
decision_type=2 2 2 2 2 2 2 2 2 2 2 2 2 2 2 2 2 2 2 2 2 2 2 2 2 2 2 2 2 2
left_child=2 14 7 4 6 -6 -4 9 12 11 -11 -1 -9 -10 18 17 -17 -16 19 -2 -20 22 -5 -23 25 27 -27 -3 29 -26
right_child=1 24 3 21 5 -7 -8 8 13 10 -12 -13 -14 -15 15 16 -18 -19 20 -21 -22 23 -24 -25 28 26 -28 -29 -30 -31
leaf_value=-2.0139414506504842e-05 0.010302896655934014 -7.1275881664311116e-06 0.00032372978143384713 1.3683425090010336e-05 -0.0014285515877679633 0.00075612449488208242 6.2616327432687383e-06 -0.00025901379979295359 0.00020363742445655221 3.2764536381572283e-05 0.00056315279198190587 0.0063176254139857765 7.8461026558325139e-05 -4.2251035678808336e-05 2.3263837963794013e-05 -0.00086889502948757575 0.00102737934992925 -0.0014958983893164706 -0.00033438002290357417 2.9880193676186717e-05 -3.3167207936257598e-05 0.0010984901814253369 -0.0006491331172206816 6.6575542592226878e-05 -1.1302401050398289e-05 0.00010224259578181586 -0.0038475072766339189 -0.00039100951394678427 2.1916182047647745e-06 0.00050184607923983314
leaf_weight=174616 23 39427 13946 62666 668 8506 34905 40981 16789 67203 11713 38 8822 49108 19581 6658 808 829 12918 37522 31877 1009 5365 25231 29769 1223 408 3661 408688 10042
leaf_count=174616 23 39427 13946 62666 668 8506 34905 40981 16789 67203 11713 38 8822 49108 19581 6658 808 829 12918 37522 31877 1009 5365 25231 29769 1223 408 3661 408688 10042
internal_value=-7.64801e-12 -1.21251e-05 1.40283e-05 6.81151e-05 0.000175969 0.000597048 9.68925e-05 -8.27841e-06 -7.4144e-05 2.1775e-05 0.000111487 -1.87605e-05 -0.000199234 2.03955e-05 -8.85372e-05 -0.000205896 -0.000663673 -3.84405e-05 -4.88057e-05 3.61734e-05 -0.000120031 1.72938e-06 -3.8587e-05 0.000106255 4.95018e-06 -7.06019e-05 -0.0008858 -3.97444e-05 1.24833e-05 0.000118135
internal_weight=1.125e+06 603434 521566 152296 58025 9174 48851 369270 115700 253570 78916 174654 49803 65897 110216 27876 7466 20410 82340 37545 44795 94271 68031 26240 493218 44719 1631 43088 448499 39811
internal_count=1125000 603434 521566 152296 58025 9174 48851 369270 115700 253570 78916 174654 49803 65897 110216 27876 7466 20410 82340 37545 44795 94271 68031 26240 493218 44719 1631 43088 448499 39811
is_linear=0
shrinkage=0.1


Tree=96
num_leaves=22
num_cat=0
split_feature=0 1 1 1 2 1 1 3 0 0 0 0 3 2 2 2 1 2 3 3 0
split_gain=0.0201897 0.0709275 0.103586 0.104613 0.216775 0.0838968 0.0198331 0.0551432 0.107032 0.0927056 0.347637 0.150294 0.09216 0.0796593 0.022025 0.0796176 0.269744 0.129396 0.0659868 0.189703 0.0751292
threshold=27.903107903807804 199.96191298619021 163.00096527291137 105.15928282405268 165.11889683337935 79.950533380549288 0.32162832209867892 1.1486605085622197 32.604683881243197 210.64890777113575 149.91895994542452 449.02249769606789 3.9319603055605303 25.170544849241491 33.021414686169713 40.532714382955369 44.884285269711206 42.341400818234497 11.047447386928953 3.761251532923978 85.191059321447781
decision_type=2 2 2 2 2 2 2 2 2 2 2 2 2 2 2 2 2 2 2 2 2
left_child=1 2 3 5 -5 -1 7 9 13 10 -2 -11 -10 -9 18 16 -16 -17 19 -8 -20
right_child=6 -3 -4 4 -6 -7 14 8 12 11 -12 -13 -14 -15 15 17 -18 -19 20 -21 -22
leaf_value=9.4026188487388577e-05 -2.9622105066664521e-05 0.0060400780018244407 -0.0054333764057339397 0.00092521408234082366 0.0092932573998243447 -0.0012790631166534399 9.8947592778460757e-05 0.0013360999042874781 0.0014117369456343189 0.0036559647384702288 -0.009113671099767089 -0.0034401030917449492 5.8205247244501954e-05 0.0092166593622254305 0.00030568810249740008 -0.00038901177415941678 -0.00032700645731585393 8.9139141421773314e-07 0.00025448452653303654 -0.0002563423013241964 -1.7512299543861359e-05
leaf_weight=25158 180 20 34 221 36 453 24731 29 589 85 55 46 3447 23 27142 8594 8964 886898 11471 38305 88519
leaf_count=25158 180 20 34 221 36 453 24731 29 589 85 55 46 3447 23 27142 8594 8964 886898 11471 38305 88519
internal_value=4.51216e-12 8.72306e-05 8.26342e-05 8.98842e-05 0.00209739 6.97394e-05 -2.05735e-06 0.000208533 0.000313815 -0.000967409 -0.00215568 0.00116422 0.000255735 0.00482173 -2.91423e-06 3.01966e-06 0.00014861 -2.85049e-06 -3.68229e-05 -0.000116951 1.36916e-05
internal_weight=1.125e+06 25922 25902 25868 257 25611 1.09908e+06 4454 4088 366 235 131 4036 52 1.09462e+06 931598 36106 895492 163026 63036 99990
internal_count=1125000 25922 25902 25868 257 25611 1099078 4454 4088 366 235 131 4036 52 1094624 931598 36106 895492 163026 63036 99990
is_linear=0
shrinkage=0.1


Tree=97
num_leaves=28
num_cat=0
split_feature=2 3 0 0 3 1 3 1 1 3 0 2 3 3 1 3 1 0 1 2 0 1 2 2 1 2 0
split_gain=0.0176496 0.266287 0.0903722 0.177548 0.13083 0.0665927 0.154251 0.0963353 0.0596982 0.0565941 0.0414096 0.0346253 0.0973938 0.134671 0.109612 0.0811154 0.215284 0.0821192 0.0489649 0.0219923 0.078266 0.234328 0.0726928 0.0337381 0.0964894 0.0490679 0.0198633
threshold=1.0000000180025095e-35 1.1486605085622197 75.688736751726523 51.02043124327782 20.260680327264467 4.8857293773712565 7.8427628596458936 1.2652549207618 3.5365340935807028 0.17004055618924954 85.191059321447781 0.72482343342419686 4.9473631170528565 4.5982103553523883 0.97502496770627911 12.000052902189005 2.5971536299126865 265.54131666192279 16.711477229709001 5.8810788195636361 4.4963213897204932 42.141404053235895 5.0012879083941906 12.125624538503407 4.1936115663625531 21.700261088450059 75.688736751726523
decision_type=2 2 2 2 2 2 2 2 2 2 2 2 2 2 2 2 2 2 2 2 2 2 2 2 2 2 2
left_child=1 9 3 4 -3 7 -7 -4 -5 26 -11 12 13 14 -2 16 -14 -17 -15 20 21 -13 -22 24 -21 -25 -1
right_child=11 2 5 8 -6 6 -8 -9 -10 10 -12 19 15 18 -16 17 -18 -19 -20 23 22 -23 -24 25 -26 -27 -28
leaf_value=-0.00098361826036125438 0.0052450175860680511 -0.0011412905486341677 -0.00027363788103684783 0.010541876840094727 0.0075209841644391416 0.0038951229407555529 -0.0010699970616366377 -0.0060720788272173734 0.0041071595036951099 -0.011749788089655341 -0.0053918246623306052 0.0019204430307986006 -0.0056277170304730095 0.010447842602443417 0.00064301179801805927 0.0010278032406293967 -0.00025766602689667497 -0.00015418582607790914 0.0034503506636247038 -0.00028952509334235956 -3.7823874928839848e-05 -0.0087032607947052885 -0.00047240580509272183 -9.8879175759317825e-05 0.00016641190447987331 3.2016776011013371e-06 -0.00538706731583391
leaf_weight=20 56 136 69 21 20 81 275 49 46 20 21 369 84 20 683 998 671 1430 20 5476 26467 22 4504 49406 30463 1003552 21
leaf_count=20 56 136 69 21 20 81 275 49 46 20 21 369 84 20 683 998 671 1430 20 5476 26467 22 4504 49406 30463 1003552 21
internal_value=-3.58959e-12 -0.000475827 0.00015833 0.00181844 -3.07425e-05 -0.000622694 5.97072e-05 -0.00268147 0.00612401 -0.00586616 -0.00849327 3.29708e-07 0.000295432 0.00129764 0.000991743 5.01539e-05 -0.000855129 0.000331656 0.0069491 -7.13975e-07 -8.32737e-05 0.00132269 -0.000101024 1.66388e-06 9.69411e-05 -1.58807e-06 -0.00323904
internal_weight=1.125e+06 779 697 223 156 474 356 118 67 82 41 1.12422e+06 3962 779 739 3183 755 2428 40 1.12026e+06 31362 391 30971 1.0889e+06 35939 1.05296e+06 41
internal_count=1125000 779 697 223 156 474 356 118 67 82 41 1124221 3962 779 739 3183 755 2428 40 1120259 31362 391 30971 1088897 35939 1052958 41
is_linear=0
shrinkage=0.1


Tree=98
num_leaves=31
num_cat=0
split_feature=2 2 3 5 0 0 0 0 1 0 0 3 1 1 5 0 0 1 4 0 2 0 0 0 0 5 2 2 5 2
split_gain=0.0171215 0.0761237 0.168073 0.140765 0.321987 0.16489 0.109497 0.244748 0.123712 0.0616572 0.0739839 0.182671 0.155092 0.101664 0.0781159 0.196136 0.0710389 0.0526438 0.100675 0.248788 0.117029 0.0814915 0.432909 0.0871914 0.0392238 0.130859 0.143991 0.0674521 0.24997 0.0658916
threshold=98.030554611905373 91.486629790254554 31.311197549193835 1.0000000180025095e-35 231.66216653968007 231.66216653968007 55.960329028050701 99.901743199024779 86.951936680952699 846.95659820679737 80.447346599252143 30.17939106289251 6.1992931783373004 24.613214232737263 1.0000000180025095e-35 744.85714551212072 109.78014682377959 39.0079733299319 1.0000000180025095e-35 293.75649745342179 87.357422843533371 382.32563257530609 293.75649745342179 402.01531791186449 970.84744328668671 1.0000000180025095e-35 106.65681282306214 117.93777455015096 1.0000000180025095e-35 129.63687783857733
decision_type=2 2 2 2 2 2 2 2 2 2 2 2 2 2 2 2 2 2 2 2 2 2 2 2 2 2 2 2 2 2
left_child=1 17 6 5 -5 -4 8 -8 -3 10 11 12 -2 -13 16 -16 -12 18 20 -20 -1 22 -19 -23 25 -11 -27 28 -26 -29
right_child=9 2 3 4 -6 -7 7 -9 -10 24 14 13 -14 -15 15 -17 -18 21 19 -21 -22 23 -24 -25 27 26 -28 29 -30 -31
leaf_value=1.5669954238457015e-05 0.0076949512450179714 -0.0032406497376547116 0.001300292266949477 -0.00079008596025911782 0.0027399289438793232 -8.4872803929631738e-05 0.0036530749367758341 4.8439203151897514e-05 0.0050818417180562396 -4.0933498162608266e-06 -0.00083129718188050929 0.0010392997653107838 0.0015590217505324464 -0.00020944005401100633 -6.4794697630571262e-05 -0.00060142747201829866 -2.9432769414983761e-05 2.5657287700806184e-05 -1.2882953219804687e-05 0.00046471971171606525 -0.00038230122386563202 0.00051450232952425479 -0.0006080485831617109 -5.8038730792924211e-06 2.6496029936358451e-05 0.0015297754197774621 0.00026963619368924901 0.00023377946116441111 -0.0010018802056680346 -3.622336590078985e-06
leaf_weight=252279 45 167 1324 375 831 2449 190 21865 20 37666 1117 859 487 2705 24672 9408 101381 41338 29572 17280 7612 3337 14583 92446 9397 983 11693 12023 3158 423738
leaf_count=252279 45 167 1324 375 831 2449 190 21865 20 37666 1117 859 487 2705 24672 9408 101381 41338 29572 17280 7612 3337 14583 92446 9397 983 11693 12023 3158 423738
internal_value=2.8616e-12 1.41543e-05 0.000176628 0.000701814 0.00164229 0.000401202 5.90619e-05 7.94925e-05 -0.00235054 -1.07523e-05 -6.92209e-05 0.000349546 0.00207804 9.15329e-05 -8.17798e-05 -0.000212936 -3.81713e-05 4.50718e-06 2.83381e-05 0.000163267 4.0137e-06 -4.36785e-05 -0.0001396 1.23232e-05 5.74201e-06 8.94372e-05 0.000367358 -3.65623e-06 -0.000232175 2.92777e-06
internal_weight=1.125e+06 485668 27221 4979 1206 3773 22242 22055 187 639332 140674 4096 532 3564 136578 34080 102498 458447 306743 46852 259891 151704 55921 95783 498658 50342 12676 448316 12555 435761
internal_count=1125000 485668 27221 4979 1206 3773 22242 22055 187 639332 140674 4096 532 3564 136578 34080 102498 458447 306743 46852 259891 151704 55921 95783 498658 50342 12676 448316 12555 435761
is_linear=0
shrinkage=0.1


Tree=99
num_leaves=31
num_cat=0
split_feature=3 3 1 0 2 2 5 1 1 0 0 1 0 1 3 3 3 2 0 0 2 1 0 0 3 0 2 0 1 3
split_gain=0.0161367 0.0702562 0.300842 0.1882 0.220443 0.141354 0.127163 0.321671 0.108027 0.0659578 0.185833 0.237176 0.185675 0.168744 0.404195 0.132108 0.0433444 0.233815 0.338796 0.282311 0.267051 0.186712 0.150609 0.0942202 0.0530574 0.193852 0.185698 0.112808 0.0443001 0.119544
threshold=29.070563629475114 31.311197549193835 20.743342694959928 4.4963213897204932 35.558219260249551 13.000122131346886 1.0000000180025095e-35 3.8896920106905677 1.9602588296656747 114.78451714929174 129.68042755244841 43.975075528893434 134.76981242818351 128.50871375715246 66.919459468223096 71.666555324106113 28.260328934415522 19.997940019516012 70.795196139432349 46.274216359937704 22.490770009941482 5.5557879182825234 226.2026057194868 9.1786832152300537 28.0002786577679 226.2026057194868 24.287713002003965 179.90326204986272 8.2297853843788289 9.9680765383299939
decision_type=2 2 2 2 2 2 2 2 2 2 2 2 2 2 2 2 2 2 2 2 2 2 2 2 2 2 2 2 2 2
left_child=16 2 6 4 -4 -5 8 -8 -2 13 11 -11 -12 15 -15 -3 24 18 19 -18 22 -20 -19 -22 28 27 -27 -26 29 -1
right_child=1 9 3 5 -6 -7 7 -9 -10 10 12 -13 -14 14 -16 -17 17 20 21 -21 23 -23 -24 -25 25 26 -28 -29 -30 -31
leaf_value=-3.1701175704190204e-05 -0.0020564385901837212 0.00031560460206919315 -0.0029984405240975325 0.001190414345726407 0.0098597273091581891 -7.1389137224675434e-05 0.0013882666685260756 -0.0023283567800679037 -0.00036769354732009429 -0.0013709313056814634 0.0013370811883925205 0.00058675118357475321 -9.8434627634650334e-06 -0.0053751509293151391 0.00086270221478823138 -0.00030097680246416223 0.0032219353206883908 -0.0082949520767492766 -0.0024366237267014991 0.013287013930427591 -0.0037782399588444783 0.0015561380947697653 -0.00070735968840110333 0.00012992434937727913 -0.0013876369088159381 0.0034510028479492884 -0.00021314117817401756 -0.0050438829882088866 -1.6243130247490106e-06 0.00020563460134024391
leaf_weight=46891 420 18327 20 916 40 28856 289 1199 3861 2114 1026 875 412090 182 242 4288 87 59 138 41 62 774 47 12246 513 144 3502 101 546880 38770
leaf_count=46891 420 18327 20 916 40 28856 289 1199 3861 2114 1026 875 412090 182 242 4288 87 59 138 41 62 774 47 12246 513 144 3502 101 546880 38770
internal_value=-8.25373e-12 -1.40166e-05 -0.000149126 -2.12914e-05 0.00557367 -3.2567e-05 -0.000810168 -0.00160651 -0.000533373 -3.06345e-06 -1.21827e-05 -0.000797839 -6.49829e-06 0.000161639 -0.00181487 0.000198695 1.02334e-05 0.000187857 0.00162815 0.00644591 6.71947e-05 0.00095197 -0.00493064 0.000110237 6.48065e-06 -0.00034525 -6.84246e-05 -0.00198907 8.84946e-06 7.57165e-05
internal_weight=1.125e+06 474745 35601 29832 60 29772 5769 1488 4281 439144 416105 2989 413116 23039 424 22615 650255 13454 1040 128 12414 912 106 12308 636801 4260 3646 614 632541 85661
internal_count=1125000 474745 35601 29832 60 29772 5769 1488 4281 439144 416105 2989 413116 23039 424 22615 650255 13454 1040 128 12414 912 106 12308 636801 4260 3646 614 632541 85661
is_linear=0
shrinkage=0.1


end of trees

feature_importances:
Column_0=920
Column_1=844
Column_4=487
Column_3=286
Column_2=276
Column_5=114

parameters:
[boosting: gbdt]
[objective: regression]
[metric: l2]
[tree_learner: serial]
[device_type: cpu]
[data_sample_strategy: bagging]
[data: ]
[valid: ]
[num_iterations: 100]
[learning_rate: 0.1]
[num_leaves: 31]
[num_threads: 1]
[seed: 42]
[deterministic: 0]
[force_col_wise: 0]
[force_row_wise: 0]
[histogram_pool_size: -1]
[max_depth: 5]
[min_data_in_leaf: 20]
[min_sum_hessian_in_leaf: 0.001]
[bagging_fraction: 1]
[pos_bagging_fraction: 1]
[neg_bagging_fraction: 1]
[bagging_freq: 0]
[bagging_seed: 400]
[bagging_by_query: 0]
[feature_fraction: 1]
[feature_fraction_bynode: 1]
[feature_fraction_seed: 30056]
[extra_trees: 0]
[extra_seed: 12879]
[early_stopping_round: 0]
[early_stopping_min_delta: 0]
[first_metric_only: 0]
[max_delta_step: 0]
[lambda_l1: 0]
[lambda_l2: 0]
[linear_lambda: 0]
[min_gain_to_split: 0]
[drop_rate: 0.1]
[max_drop: 50]
[skip_drop: 0.5]
[xgboost_dart_mode: 0]
[uniform_drop: 0]
[drop_seed: 17869]
[top_rate: 0.2]
[other_rate: 0.1]
[min_data_per_group: 100]
[max_cat_threshold: 32]
[cat_l2: 10]
[cat_smooth: 10]
[max_cat_to_onehot: 4]
[top_k: 20]
[monotone_constraints: ]
[monotone_constraints_method: basic]
[monotone_penalty: 0]
[feature_contri: ]
[forcedsplits_filename: ]
[refit_decay_rate: 0.9]
[cegb_tradeoff: 1]
[cegb_penalty_split: 0]
[cegb_penalty_feature_lazy: ]
[cegb_penalty_feature_coupled: ]
[path_smooth: 0]
[interaction_constraints: ]
[verbosity: -1]
[saved_feature_importance_type: 0]
[use_quantized_grad: 0]
[num_grad_quant_bins: 4]
[quant_train_renew_leaf: 0]
[stochastic_rounding: 1]
[linear_tree: 0]
[max_bin: 255]
[max_bin_by_feature: ]
[min_data_in_bin: 3]
[bin_construct_sample_cnt: 200000]
[data_random_seed: 175]
[is_enable_sparse: 1]
[enable_bundle: 1]
[use_missing: 1]
[zero_as_missing: 0]
[feature_pre_filter: 1]
[pre_partition: 0]
[two_round: 0]
[header: 0]
[label_column: ]
[weight_column: ]
[group_column: ]
[ignore_column: ]
[categorical_feature: ]
[forcedbins_filename: ]
[precise_float_parser: 0]
[parser_config_file: ]
[objective_seed: 16083]
[num_class: 1]
[is_unbalance: 0]
[scale_pos_weight: 1]
[sigmoid: 1]
[boost_from_average: 1]
[reg_sqrt: 0]
[alpha: 0.9]
[fair_c: 1]
[poisson_max_delta_step: 0.7]
[tweedie_variance_power: 1.5]
[lambdarank_truncation_level: 30]
[lambdarank_norm: 1]
[label_gain: ]
[lambdarank_position_bias_regularization: 0]
[eval_at: ]
[multi_error_top_k: 1]
[auc_mu_weights: ]
[num_machines: 1]
[local_listen_port: 12400]
[time_out: 120]
[machine_list_filename: ]
[machines: ]
[gpu_platform_id: -1]
[gpu_device_id: -1]
[gpu_use_dp: 0]
[num_gpu: 1]

end of parameters

pandas_categorical:null
